State,Company,Notice Date,Jobs Affected,key
NJ,Optum,2026-12-07,57,Optum2026-12-07
MO,Unknown,2026-11-30,3,Unknown2026-11-30
NY,Masonite Corporation d/b/a Owens Corning Doors,2026-11-23,46,Masonite Corporation d/b/a Owens Corning Doors2026-11-23
NJ,Cellares Corporation,2026-11-19,68,Cellares Corporation2026-11-19
NJ,"Grocery Delivery E-Services USA, Inc DBA Hello Fresh",2026-11-17,374,"Grocery Delivery E-Services USA, Inc DBA Hello Fresh2026-11-17"
SC,The Westin Hilton Head Island Resort & Spa,2026-11-03,157,The Westin Hilton Head Island Resort & Spa2026-11-03
SC,KPR US LLC,2026-11-01,3,KPR US LLC2026-11-01
PA,Mountain Valley Golf Course,2026-10-31,111,Mountain Valley Golf Course2026-10-31
PA,"CJ Logistics America, LLC",2026-10-31,56,"CJ Logistics America, LLC2026-10-31"
NJ,"Citibank, N.A.",2026-10-31,59,"Citibank, N.A.2026-10-31"
SC,DP World,2026-10-31,205,DP World2026-10-31
CT,IDEX Health and Science LLC,2026-10-30,N/A,IDEX Health and Science LLC2026-10-30
UT,Point Designs,2026-10-30,8,Point Designs2026-10-30
NY,"Hudson Valley Fish Farm, Inc.",2026-10-28,47,"Hudson Valley Fish Farm, Inc.2026-10-28"
PA,"Eos Energy Storage, LLC",2026-10-26,251,"Eos Energy Storage, LLC2026-10-26"
MO,Unknown,2026-10-19,61,Unknown2026-10-19
SC,PepsiCo Beverages Sales LLC,2026-10-18,105,PepsiCo Beverages Sales LLC2026-10-18
NJ,Verizon Corp Resources Group LLC,2026-10-16,282,Verizon Corp Resources Group LLC2026-10-16
NJ,"Mars WrigleyConfectionary US, LLC",2026-10-16,307,"Mars WrigleyConfectionary US, LLC2026-10-16"
PA,"United Natural Foods, Inc. (NFI)",2026-10-16,48,"United Natural Foods, Inc. (NFI)2026-10-16"
NJ,The Cannabist Company,2026-10-11,86,The Cannabist Company2026-10-11
PA,"Grede, LLC",2026-10-10,170,"Grede, LLC2026-10-10"
PA,SMBC MANUBANK,2026-10-09,7,SMBC MANUBANK2026-10-09
NY,"Pomonok Home Services, Inc.",2026-10-08,226,"Pomonok Home Services, Inc.2026-10-08"
NJ,Petvet Care Centers LLC,2026-10-08,18,Petvet Care Centers LLC2026-10-08
NY,"Sky Chefs, LLC",2026-10-07,471,"Sky Chefs, LLC2026-10-07"
NY,LIV Golf Incorporated and Affiliates,2026-10-06,162,LIV Golf Incorporated and Affiliates2026-10-06
PA,"Essendant Management Services, LLC",2026-10-03,150,"Essendant Management Services, LLC2026-10-03"
NJ,Novartis Pharmaceuticals Corporation,2026-10-02,322,Novartis Pharmaceuticals Corporation2026-10-02
NJ,"Samsung SDS America, Inc",2026-10-01,179,"Samsung SDS America, Inc2026-10-01"
NJ,"Headquarters Hotel Mgmt, LLC d/b/a Sheraton Atlantic City Convention Center Hotel",2026-10-01,99,"Headquarters Hotel Mgmt, LLC d/b/a Sheraton Atlantic City Convention Center Hotel2026-10-01"
NJ,Fusion Transport LLC,2026-10-01,79,Fusion Transport LLC2026-10-01
PA,"Xanitos, Inc.",2026-10-01,80,"Xanitos, Inc.2026-10-01"
NY,"Diageo North America, Inc",2026-09-30,305,"Diageo North America, Inc2026-09-30"
NJ,"Samsung Electronics America, Inc.",2026-09-30,739,"Samsung Electronics America, Inc.2026-09-30"
PA,"Technica, LLC",2026-09-30,100,"Technica, LLC2026-09-30"
CT,"Metallics, Inc",2026-09-30,N/A,"Metallics, Inc2026-09-30"
PA,LNS Chipblaster,2026-09-30,67,LNS Chipblaster2026-09-30
NY,NYY Steak LLC,2026-09-30,21,NYY Steak LLC2026-09-30
NY,Hyatt Corporation,2026-09-29,52,Hyatt Corporation2026-09-29
MO,Unknown,2026-09-28,75,Unknown2026-09-28
PA,"Pottstown Hospital, LLC.",2026-09-28,160,"Pottstown Hospital, LLC.2026-09-28"
NY,"Brinker International Payroll Company, L.P.",2026-09-28,57,"Brinker International Payroll Company, L.P.2026-09-28"
MO,Unknown,2026-09-28,68,Unknown2026-09-28
NJ,"Automatic Data Processing, Inc.",2026-09-25,76,"Automatic Data Processing, Inc.2026-09-25"
NJ,"International Paper, Barrington Box Plant",2026-09-24,126,"International Paper, Barrington Box Plant2026-09-24"
NJ,Verizon Corp Resources Group LLC,2026-09-18,35,Verizon Corp Resources Group LLC2026-09-18
NJ,Prudential Insurance Company of America,2026-09-18,89,Prudential Insurance Company of America2026-09-18
NJ,Digital Room LLC,2026-09-16,69,Digital Room LLC2026-09-16
PA,"Transform Warehouse Operations, LLC",2026-09-16,147,"Transform Warehouse Operations, LLC2026-09-16"
NJ,AT&T,2026-09-15,138,AT&T2026-09-15
NY,"Resideo, LLC. D/B/A ADI",2026-09-15,55,"Resideo, LLC. D/B/A ADI2026-09-15"
NY,"Piedmont Airlines, Inc.",2026-09-10,88,"Piedmont Airlines, Inc.2026-09-10"
MO,Unknown,2026-09-08,107,Unknown2026-09-08
NY,"H&M Fashion USA, Inc.",2026-09-04,76,"H&M Fashion USA, Inc.2026-09-04"
CA,"SonTek (Xylem, Inc.)",2026-09-04,36,"SonTek (Xylem, Inc.)2026-09-04"
NJ,Merck & Co,2026-09-04,88,Merck & Co2026-09-04
CA,"Ruiz Food Products, Inc.",2026-09-04,176,"Ruiz Food Products, Inc.2026-09-04"
CA,Eggo Company dba Kellanova,2026-09-04,112,Eggo Company dba Kellanova2026-09-04
CA,OVG Hospitality,2026-09-03,128,OVG Hospitality2026-09-03
WA,"Gilbert Orchards, Inc.",2026-09-03,N/A,"Gilbert Orchards, Inc.2026-09-03"
CA,Foundation for California Community Colleges,2026-09-02,178,Foundation for California Community Colleges2026-09-02
WA,"Sundquist Fruit, LLC",2026-09-02,N/A,"Sundquist Fruit, LLC2026-09-02"
IN,PMG Indiana,2026-09-02,150,PMG Indiana2026-09-02
WA,Uber Technologies Inc,2026-09-02,N/A,Uber Technologies Inc2026-09-02
WA,Qualtrics LLC,2026-09-02,N/A,Qualtrics LLC2026-09-02
CA,Homeless Health Care Los Angeles - 2nd Street,2026-09-02,1,Homeless Health Care Los Angeles - 2nd Street2026-09-02
CA,Homeless Health Care Los Angeles - Maple Ave.,2026-09-02,16,Homeless Health Care Los Angeles - Maple Ave.2026-09-02
CA,Homeless Health Care Los Angeles - Crocker Street,2026-09-02,117,Homeless Health Care Los Angeles - Crocker Street2026-09-02
CA,Ventana Grill,2026-09-02,82,Ventana Grill2026-09-02
TN,"Kilgore Flares Company, LLC",2026-09-02,N/A,"Kilgore Flares Company, LLC2026-09-02"
OR,Tualatin Oregon Facility,2026-09-01,N/A,Tualatin Oregon Facility2026-09-01
WA,Georgia-Pacific Gypsum LLC,2026-09-01,N/A,Georgia-Pacific Gypsum LLC2026-09-01
CA,"Grain Craft, LLC",2026-09-01,3,"Grain Craft, LLC2026-09-01"
OR,Tualatin Oregon Facility,2026-09-01,N/A,Tualatin Oregon Facility2026-09-01
OR,Tualatin Oregon Facility,2026-09-01,N/A,Tualatin Oregon Facility2026-09-01
CA,Renewal by Andersen LLC,2026-09-01,153,Renewal by Andersen LLC2026-09-01
OR,Tualatin Oregon Facility,2026-09-01,N/A,Tualatin Oregon Facility2026-09-01
NY,"Van Trans, LLC.",2026-09-01,297,"Van Trans, LLC.2026-09-01"
IA,Wells Fargo,2026-09-01,N/A,Wells Fargo2026-09-01
NY,"Saint-Gobain Ceramics & Plastics, Inc. (Monofrax, LLC.)",2026-09-01,79,"Saint-Gobain Ceramics & Plastics, Inc. (Monofrax, LLC.)2026-09-01"
CA,Renewal by Andersen LLC,2026-09-01,79,Renewal by Andersen LLC2026-09-01
MO,Unknown,2026-09-01,3,Unknown2026-09-01
CA,Renewal by Andersen LLC,2026-09-01,52,Renewal by Andersen LLC2026-09-01
OR,Tualatin Oregon Facility,2026-09-01,N/A,Tualatin Oregon Facility2026-09-01
CA,PayPal,2026-08-31,251,PayPal2026-08-31
CA,"Arsenal Biosciences, Inc.",2026-08-31,58,"Arsenal Biosciences, Inc.2026-08-31"
CA,"24Hr Homecare, LLC",2026-08-31,738,"24Hr Homecare, LLC2026-08-31"
CA,"Synopsys, Inc.",2026-08-31,128,"Synopsys, Inc.2026-08-31"
AL,Diatherix Laboratories  LLC,2026-08-31,55,Diatherix Laboratories  LLC2026-08-31
WA,Amazon,2026-08-31,N/A,Amazon2026-08-31
NY,Jennie B. Richmond Nursing Home,2026-08-31,37,Jennie B. Richmond Nursing Home2026-08-31
IN,Packaging Corporation of America,2026-08-31,72,Packaging Corporation of America2026-08-31
PA,"GEODIS Logistics, LLC",2026-08-31,185,"GEODIS Logistics, LLC2026-08-31"
CT,Guida-Seibert Dairy Company,2026-08-31,N/A,Guida-Seibert Dairy Company2026-08-31
WA,Maverick Washington LLC / Great American Casino,2026-08-31,N/A,Maverick Washington LLC / Great American Casino2026-08-31
WA,Maverick Washington LLC / Riverside Casino,2026-08-31,N/A,Maverick Washington LLC / Riverside Casino2026-08-31
NY,Apple Bank,2026-08-31,26,Apple Bank2026-08-31
NY,Bronx Parent Housing Network,2026-08-31,44,Bronx Parent Housing Network2026-08-31
IA,Independence Premium Foods,2026-08-31,N/A,Independence Premium Foods2026-08-31
NY,"SY SEIT, LLC.",2026-08-31,13,"SY SEIT, LLC.2026-08-31"
OR,"J.R. Johnson, LLC",2026-08-31,N/A,"J.R. Johnson, LLC2026-08-31"
CT,Macys Cheshire Fulfillment Center,2026-08-29,N/A,Macys Cheshire Fulfillment Center2026-08-29
CA,"Telecare Corporation - Brighter Tomorrow, Program 162",2026-08-28,23,"Telecare Corporation - Brighter Tomorrow, Program 1622026-08-28"
CA,"Power Safety Service, LLC",2026-08-28,189,"Power Safety Service, LLC2026-08-28"
CA,Telecare Corporation - House of Transitions,2026-08-28,16,Telecare Corporation - House of Transitions2026-08-28
IA,People First Sanitation,2026-08-28,N/A,People First Sanitation2026-08-28
CA,Blue Diamond Growers,2026-08-28,53,Blue Diamond Growers2026-08-28
CA,Telecare Corporation - Recovery Starship,2026-08-28,16,Telecare Corporation - Recovery Starship2026-08-28
CA,Telecare Corporation - Stonehedge,2026-08-28,13,Telecare Corporation - Stonehedge2026-08-28
CA,Astrion,2026-08-28,28,Astrion2026-08-28
CA,Amazon - SJC13,2026-08-28,70,Amazon - SJC132026-08-28
CA,Stanford Health Care - 1840 Embarcadero Rd.,2026-08-28,16,Stanford Health Care - 1840 Embarcadero Rd.2026-08-28
CA,Stanford Health Care - 1830 Embarcadero Rd.,2026-08-28,79,Stanford Health Care - 1830 Embarcadero Rd.2026-08-28
CA,Clarmil Manufacturing Corporation,2026-08-28,108,Clarmil Manufacturing Corporation2026-08-28
PA,"Conduent Commercial Solutions, LLC.",2026-08-28,9,"Conduent Commercial Solutions, LLC.2026-08-28"
CA,Amazon - SF019,2026-08-28,78,Amazon - SF0192026-08-28
VA,Crothall Healthcare,2026-08-28,545,Crothall Healthcare2026-08-28
NY,"Oswego Beverage Company, LLC.",2026-08-28,59,"Oswego Beverage Company, LLC.2026-08-28"
MO,Unknown,2026-08-28,8,Unknown2026-08-28
SC,"Conduent Commercial Solutions, LLC",2026-08-28,28,"Conduent Commercial Solutions, LLC2026-08-28"
NY,"Oswego Beverage Company, LLC.",2026-08-28,42,"Oswego Beverage Company, LLC.2026-08-28"
SC,"Healthcare SC, LLC",2026-08-28,254,"Healthcare SC, LLC2026-08-28"
WA,"Columbia Hospitality, Inc",2026-08-28,N/A,"Columbia Hospitality, Inc2026-08-28"
CA,John Muir Physician Network - 1450 Treat Blvd.,2026-08-27,6,John Muir Physician Network - 1450 Treat Blvd.2026-08-27
CA,John Muir Health - 5003 Commercial Circle,2026-08-27,2,John Muir Health - 5003 Commercial Circle2026-08-27
CA,Raley's Store No. 336,2026-08-27,51,Raley's Store No. 3362026-08-27
CA,John Muir Physician Network - 2700 Grant Street,2026-08-27,1,John Muir Physician Network - 2700 Grant Street2026-08-27
CA,John Muir Health - 3480 Buskirk Ave.,2026-08-27,1,John Muir Health - 3480 Buskirk Ave.2026-08-27
CA,John Muir Health - 2740 Grant Street,2026-08-27,2,John Muir Health - 2740 Grant Street2026-08-27
CA,John Muir Health - 2540 East Street,2026-08-27,3,John Muir Health - 2540 East Street2026-08-27
CA,John Muir Health - 2540 East Street,2026-08-27,15,John Muir Health - 2540 East Street2026-08-27
CA,John Muir Health - 177 La Casa Via,2026-08-27,2,John Muir Health - 177 La Casa Via2026-08-27
CA,John Muir Health - 1601 Ygnacio Valley Road,2026-08-27,15,John Muir Health - 1601 Ygnacio Valley Road2026-08-27
CA,John Muir Physician Network - 1601 Ygnacio Valley Road,2026-08-27,1,John Muir Physician Network - 1601 Ygnacio Valley Road2026-08-27
CA,John Muir Health - 1450 Treat Blvd.,2026-08-27,4,John Muir Health - 1450 Treat Blvd.2026-08-27
CA,John Muir Behavioral Health - 2740 Grant Street,2026-08-27,1,John Muir Behavioral Health - 2740 Grant Street2026-08-27
CA,John Muir Health - 2700 Grant Street,2026-08-27,1,John Muir Health - 2700 Grant Street2026-08-27
CA,John Muir Health - Treat Blvd.,2026-08-27,23,John Muir Health - Treat Blvd.2026-08-27
CA,John Muir Physician Network - 5860 Owens Drive,2026-08-27,1,John Muir Physician Network - 5860 Owens Drive2026-08-27
WA,"T-Mobile USA, Inc.",2026-08-26,N/A,"T-Mobile USA, Inc.2026-08-26"
NJ,UBS,2026-08-26,65,UBS2026-08-26
NJ,Optum Services Inc.,2026-08-26,36,Optum Services Inc.2026-08-26
NJ,Optum Care Inc.,2026-08-26,5,Optum Care Inc.2026-08-26
NJ,Optum Select Management Inc.,2026-08-26,17,Optum Select Management Inc.2026-08-26
NE,Fortrex 0129 Madison,2026-08-26,91,Fortrex 0129 Madison2026-08-26
IA,RTX,2026-08-25,N/A,RTX2026-08-25
CA,RTX,2026-08-25,7,RTX2026-08-25
CA,"BFG Supply Co., LLC",2026-08-24,37,"BFG Supply Co., LLC2026-08-24"
CA,"BFG Supply Co., LLC",2026-08-24,2,"BFG Supply Co., LLC2026-08-24"
TN,Identity Group,2026-08-24,N/A,Identity Group2026-08-24
IA,"Verschoor Meats, Inc",2026-08-21,N/A,"Verschoor Meats, Inc2026-08-21"
CA,Blue Shield of California,2026-08-21,25,Blue Shield of California2026-08-21
WA,"Borton & Sons, Inc.",2026-08-21,N/A,"Borton & Sons, Inc.2026-08-21"
WA,"Twin City Foods, Inc.",2026-08-21,N/A,"Twin City Foods, Inc.2026-08-21"
CA,Blue Shield of California (Building C),2026-08-21,1,Blue Shield of California (Building C)2026-08-21
NJ,Johnson & Johnson,2026-08-21,86,Johnson & Johnson2026-08-21
CA,Blue Shield of California (Building B),2026-08-21,12,Blue Shield of California (Building B)2026-08-21
NJ,Novartis Group,2026-08-21,76,Novartis Group2026-08-21
CA,Blue Shield of California,2026-08-21,8,Blue Shield of California2026-08-21
CA,Blue Shield of California,2026-08-21,3,Blue Shield of California2026-08-21
CA,Blue Shield of California,2026-08-21,5,Blue Shield of California2026-08-21
CA,Blue Shield of California,2026-08-21,4,Blue Shield of California2026-08-21
CA,Blue Shield of California,2026-08-21,2,Blue Shield of California2026-08-21
CA,Cellares Corporation,2026-08-21,100,Cellares Corporation2026-08-21
AL,Flagstone Foods,2026-08-20,98,Flagstone Foods2026-08-20
OR,"Amentum - Hillsboro, OR",2026-08-20,N/A,"Amentum - Hillsboro, OR2026-08-20"
CA,"Apple, Inc. - Sunnyvale",2026-08-20,28,"Apple, Inc. - Sunnyvale2026-08-20"
CA,"Apple, Inc. - Cupertino",2026-08-20,79,"Apple, Inc. - Cupertino2026-08-20"
NY,Meta,2026-08-20,389,Meta2026-08-20
NY,Meta,2026-08-20,354,Meta2026-08-20
NY,Meta,2026-08-20,417,Meta2026-08-20
CA,"Apple, Inc. - Maude Ave.",2026-08-20,40,"Apple, Inc. - Maude Ave.2026-08-20"
CA,Jabil Inc.,2026-08-20,382,Jabil Inc.2026-08-20
AL,Fortrex [(Packers Sanitation Services  Inc.) PSSI],2026-08-20,50,Fortrex [(Packers Sanitation Services  Inc.) PSSI]2026-08-20
NJ,Meta,2026-08-20,74,Meta2026-08-20
WA,Starbucks,2026-08-20,N/A,Starbucks2026-08-20
CA,"Stone Brewing Co., LLC - Executive Place",2026-08-19,6,"Stone Brewing Co., LLC - Executive Place2026-08-19"
CA,"Haas Automation, Inc.",2026-08-19,73,"Haas Automation, Inc.2026-08-19"
CA,"Stone Brewing CO., LLC - Citracado Parkway",2026-08-19,50,"Stone Brewing CO., LLC - Citracado Parkway2026-08-19"
CA,"Stone Brewing Co., LLC - Harmony Grove",2026-08-19,2,"Stone Brewing Co., LLC - Harmony Grove2026-08-19"
CA,"Levine Management Group, Inc.",2026-08-18,72,"Levine Management Group, Inc.2026-08-18"
WA,TT Commerce & Global Services,2026-08-18,N/A,TT Commerce & Global Services2026-08-18
CA,Corteva Agriscience LLC,2026-08-18,2,Corteva Agriscience LLC2026-08-18
IA,Wells Fargo,2026-08-18,N/A,Wells Fargo2026-08-18
IA,RTX,2026-08-18,N/A,RTX2026-08-18
CA,Stockton Truss LLC,2026-08-18,65,Stockton Truss LLC2026-08-18
CA,"Volume Services, Inc. (Sodexo)",2026-08-17,93,"Volume Services, Inc. (Sodexo)2026-08-17"
OK,"T-Mobile USA, Inc.",2026-08-17,N/A,"T-Mobile USA, Inc.2026-08-17"
CA,LeeMAH Electronics,2026-08-17,205,LeeMAH Electronics2026-08-17
CA,Roskam Baking Company dba Organic Milling,2026-08-17,115,Roskam Baking Company dba Organic Milling2026-08-17
VA,TekSynap Corporation,2026-08-17,9,TekSynap Corporation2026-08-17
NY,"HNI Workplace Furnishings, LLC.",2026-08-16,123,"HNI Workplace Furnishings, LLC.2026-08-16"
NJ,Acme Markets Inc.,2026-08-15,115,Acme Markets Inc.2026-08-15
NJ,Embassy Suites by Hilton,2026-08-14,54,Embassy Suites by Hilton2026-08-14
WA,Norwesco,2026-08-14,N/A,Norwesco2026-08-14
PA,JBS Souderton,2026-08-14,1485,JBS Souderton2026-08-14
CA,"Flying Food Group, LLC",2026-08-14,72,"Flying Food Group, LLC2026-08-14"
TN,Wise Company LLC,2026-08-14,N/A,Wise Company LLC2026-08-14
CA,"Netflix, Inc.",2026-08-13,59,"Netflix, Inc.2026-08-13"
UT,Tyson Fresh Meats,2026-08-13,723,Tyson Fresh Meats2026-08-13
IA,Winnebago Industries,2026-08-13,N/A,Winnebago Industries2026-08-13
IN,Postal Center International Inc,2026-08-13,151,Postal Center International Inc2026-08-13
CA,Universal City Studios Productions LLLP,2026-08-13,14,Universal City Studios Productions LLLP2026-08-13
WA,Jack in the Box,2026-08-12,N/A,Jack in the Box2026-08-12
CA,Silgan Containers,2026-08-12,120,Silgan Containers2026-08-12
CA,Sharp Metropolitan Medical Campus - Sharp Mesa Vista,2026-08-11,134,Sharp Metropolitan Medical Campus - Sharp Mesa Vista2026-08-11
CA,Sharp Metropolitan Medical Campus  - Sharp Memorial Hospital,2026-08-11,20,Sharp Metropolitan Medical Campus  - Sharp Memorial Hospital2026-08-11
CA,Sharp Metropolitan Medical Group - Sharp McDonald Center,2026-08-11,2,Sharp Metropolitan Medical Group - Sharp McDonald Center2026-08-11
CA,Adventist Health Glendale,2026-08-11,7,Adventist Health Glendale2026-08-11
CA,EBALDC (2201 Brush St.),2026-08-11,5,EBALDC (2201 Brush St.)2026-08-11
CA,EBALDC (1955 San Pablo Ave),2026-08-11,9,EBALDC (1955 San Pablo Ave)2026-08-11
CA,EBALDC (1935 Seminary Ave),2026-08-11,2,EBALDC (1935 Seminary Ave)2026-08-11
CA,EBALDC (907 Lake Street),2026-08-11,2,EBALDC (907 Lake Street)2026-08-11
CA,Sharp Metropolitan Medical Campus - Sharp Mary Birch Hospital,2026-08-11,7,Sharp Metropolitan Medical Campus - Sharp Mary Birch Hospital2026-08-11
CA,Sharp Metropolitan Medical Campus - Sharp Outpatient Pavilion,2026-08-11,5,Sharp Metropolitan Medical Campus - Sharp Outpatient Pavilion2026-08-11
CA,EBALDC (188 11th Street),2026-08-11,4,EBALDC (188 11th Street)2026-08-11
CA,EBALDC (2555 International BLVD),2026-08-11,5,EBALDC (2555 International BLVD)2026-08-11
CA,EBALDC (100 9th Street),2026-08-11,4,EBALDC (100 9th Street)2026-08-11
CA,EBALDC (121 E 12th Street),2026-08-11,2,EBALDC (121 E 12th Street)2026-08-11
CA,EBALDC (1448 10th Street),2026-08-11,2,EBALDC (1448 10th Street)2026-08-11
CA,"EBALDC (1825 San Pablo Ave., Suite 200)",2026-08-11,20,"EBALDC (1825 San Pablo Ave., Suite 200)2026-08-11"
CA,EBALDC (918 Clay Street),2026-08-11,2,EBALDC (918 Clay Street)2026-08-11
CA,"Bumble Bee Foods, LLC",2026-08-11,197,"Bumble Bee Foods, LLC2026-08-11"
CA,EBALDC (120 Macdonald Ave),2026-08-11,1,EBALDC (120 Macdonald Ave)2026-08-11
CA,ZOLL Medical Corporation,2026-08-11,78,ZOLL Medical Corporation2026-08-11
CA,EBALDC (989 Brush Street),2026-08-11,2,EBALDC (989 Brush Street)2026-08-11
CA,EBALDC (283 13th Street),2026-08-11,4,EBALDC (283 13th Street)2026-08-11
CA,EBALDC (2946 International BLVD),2026-08-11,2,EBALDC (2946 International BLVD)2026-08-11
CA,EBALDC (801 Pine Street),2026-08-11,4,EBALDC (801 Pine Street)2026-08-11
CA,EBALDC (3501 San Pablo Ave),2026-08-11,9,EBALDC (3501 San Pablo Ave)2026-08-11
CA,EBALDC (3850 San Pablo Ave),2026-08-11,1,EBALDC (3850 San Pablo Ave)2026-08-11
CA,EBALDC (700 Willow Street),2026-08-11,2,EBALDC (700 Willow Street)2026-08-11
DE,JeniusBank,2026-08-10,N/A,JeniusBank2026-08-10
VA,Eurofins Professional Scientific Services LLC,2026-08-10,68,Eurofins Professional Scientific Services LLC2026-08-10
SD,JeniusBank (digital unit of SMBC Manubank),2026-08-10,2,JeniusBank (digital unit of SMBC Manubank)2026-08-10
OR,JeniusBank,2026-08-10,N/A,JeniusBank2026-08-10
NY,"OceanFirst Bank, N.A.",2026-08-10,174,"OceanFirst Bank, N.A.2026-08-10"
OR,Oregon - Remote Employees,2026-08-10,N/A,Oregon - Remote Employees2026-08-10
MO,Unknown,2026-08-10,119,Unknown2026-08-10
VA,SMBC Manubank,2026-08-10,5,SMBC Manubank2026-08-10
PA,"WILX Logistics, LLC",2026-08-09,70,"WILX Logistics, LLC2026-08-09"
CA,Renteria Vineyard Management,2026-08-07,91,Renteria Vineyard Management2026-08-07
NJ,Verizon Corp Resources Group LLC,2026-08-07,156,Verizon Corp Resources Group LLC2026-08-07
SC,KPR US LLC,2026-08-07,13,KPR US LLC2026-08-07
NJ,Verizon,2026-08-07,121,Verizon2026-08-07
CA,G3 Enterprises,2026-08-07,66,G3 Enterprises2026-08-07
TN,Resource Label,2026-08-06,N/A,Resource Label2026-08-06
CA,LAZ Parking California (5251 West 98th Street),2026-08-06,50,LAZ Parking California (5251 West 98th Street)2026-08-06
CA,LAZ Parking California (5455 West 111th Street),2026-08-06,58,LAZ Parking California (5455 West 111th Street)2026-08-06
AL,Fluor Enterprises  Inc.,2026-08-06,66,Fluor Enterprises  Inc.2026-08-06
CA,LAZ Parking California (9610 Sky Way),2026-08-06,139,LAZ Parking California (9610 Sky Way)2026-08-06
CA,Staples Fulfillment Center,2026-08-05,109,Staples Fulfillment Center2026-08-05
WA,"Salesforce, Inc.",2026-08-05,N/A,"Salesforce, Inc.2026-08-05"
CA,"Salesforce, Inc.",2026-08-05,74,"Salesforce, Inc.2026-08-05"
CA,"Eclipse Advantage, LLC",2026-08-05,18,"Eclipse Advantage, LLC2026-08-05"
WA,Google,2026-08-05,N/A,Google2026-08-05
TN,TikTok USDS JV,2026-08-05,N/A,TikTok USDS JV2026-08-05
TN,Wellpath,2026-08-04,N/A,Wellpath2026-08-04
AL,FMC Corporation,2026-08-04,41,FMC Corporation2026-08-04
ME,"Host International, Inc.",2026-08-04,102,"Host International, Inc.2026-08-04"
AL,Biocryst Pharmaceuticals Inc,2026-08-04,47,Biocryst Pharmaceuticals Inc2026-08-04
IA,Wells Fargo,2026-08-04,N/A,Wells Fargo2026-08-04
AZ,Essendant,2026-08-04,N/A,Essendant2026-08-04
CA,"Nutanix, Inc.",2026-08-04,65,"Nutanix, Inc.2026-08-04"
WA,Zillow Group,2026-08-04,N/A,Zillow Group2026-08-04
NJ,JP Morgan Chase,2026-08-03,51,JP Morgan Chase2026-08-03
CA,Essendant Co.,2026-08-03,4,Essendant Co.2026-08-03
OR,"TV Hardware Distribution, LLC",2026-08-03,N/A,"TV Hardware Distribution, LLC2026-08-03"
OR,"Avamere Health Services, LLC",2026-08-03,N/A,"Avamere Health Services, LLC2026-08-03"
IA,"Lund Foods Holdings, Inc",2026-08-03,N/A,"Lund Foods Holdings, Inc2026-08-03"
MO,Unknown,2026-08-03,1,Unknown2026-08-03
NY,Federal Express Corporation (Multiple Regions),2026-08-03,22,Federal Express Corporation (Multiple Regions)2026-08-03
NY,Federal Express Corporation (Multiple Regions),2026-08-03,31,Federal Express Corporation (Multiple Regions)2026-08-03
NY,Federal Express Corporation (Multiple Regions),2026-08-03,12,Federal Express Corporation (Multiple Regions)2026-08-03
NY,Federal Express Corporation (Multiple Regions),2026-08-03,32,Federal Express Corporation (Multiple Regions)2026-08-03
CA,Essendant Co.,2026-08-03,99,Essendant Co.2026-08-03
NY,Federal Express Corporation (Multiple Regions),2026-08-03,31,Federal Express Corporation (Multiple Regions)2026-08-03
NY,"Etain, LLC.",2026-08-03,37,"Etain, LLC.2026-08-03"
WA,"80 Acres Urban Agriculture, Inc.",2026-08-03,N/A,"80 Acres Urban Agriculture, Inc.2026-08-03"
NY,Federal Express Corporation (Multiple Regions),2026-08-03,36,Federal Express Corporation (Multiple Regions)2026-08-03
NJ,Federal Express Corporation,2026-08-03,50,Federal Express Corporation2026-08-03
NY,Allied Aviation Service Company of New York Inc.,2026-08-02,42,Allied Aviation Service Company of New York Inc.2026-08-02
PA,Chandler Hall Health Services,2026-08-01,220,Chandler Hall Health Services2026-08-01
CA,"WeDriveU, Inc.",2026-07-31,1,"WeDriveU, Inc.2026-07-31"
WA,Visa,2026-07-31,N/A,Visa2026-07-31
CA,Visa,2026-07-31,320,Visa2026-07-31
NY,"Republic National Distributing Company New York, LLC.",2026-07-31,46,"Republic National Distributing Company New York, LLC.2026-07-31"
NY,"Republic National Distributing Company New York, LLC.",2026-07-31,86,"Republic National Distributing Company New York, LLC.2026-07-31"
CA,"WeDriveU, Inc.",2026-07-31,15,"WeDriveU, Inc.2026-07-31"
CA,Yamaha Motor Finance Corporation U.S.A.,2026-07-31,61,Yamaha Motor Finance Corporation U.S.A.2026-07-31
CA,"WeDriveU, Inc.",2026-07-31,12,"WeDriveU, Inc.2026-07-31"
CA,"WeDriveU, Inc.",2026-07-31,34,"WeDriveU, Inc.2026-07-31"
CA,"TPE Acquisition, LLC - 5116",2026-07-31,3,"TPE Acquisition, LLC - 51162026-07-31"
CA,"WeDriveU, Inc.",2026-07-31,1,"WeDriveU, Inc.2026-07-31"
CA,"TPE Acquisition, LLC - 5026",2026-07-31,12,"TPE Acquisition, LLC - 50262026-07-31"
CA,"Chime Financial, Inc.",2026-07-31,135,"Chime Financial, Inc.2026-07-31"
MO,Unknown,2026-07-31,283,Unknown2026-07-31
NY,"International Imaging Materials, Inc. (Armor-IIMAK)",2026-07-31,198,"International Imaging Materials, Inc. (Armor-IIMAK)2026-07-31"
WA,"I.Q. Data International, Inc.",2026-07-31,N/A,"I.Q. Data International, Inc.2026-07-31"
NY,Independence Care System,2026-07-30,89,Independence Care System2026-07-30
CA,"Veritone, Inc.",2026-07-30,10,"Veritone, Inc.2026-07-30"
NY,"Coral Graphic Services, Inc.",2026-07-30,85,"Coral Graphic Services, Inc.2026-07-30"
OR,Portland Truck Manufacturing Facility,2026-07-30,N/A,Portland Truck Manufacturing Facility2026-07-30
CA,"San Francisco Pretrial Diversion Project, Inc.",2026-07-30,82,"San Francisco Pretrial Diversion Project, Inc.2026-07-30"
CA,Federal Express Corporation,2026-07-29,62,Federal Express Corporation2026-07-29
CA,Tencent America LLC,2026-07-29,68,Tencent America LLC2026-07-29
WA,No Meat Factory USA Inc,2026-07-28,N/A,No Meat Factory USA Inc2026-07-28
CA,"ServiceNow, Inc.",2026-07-28,154,"ServiceNow, Inc.2026-07-28"
IA,UnityPoint Health ,2026-07-28,N/A,UnityPoint Health 2026-07-28
IA,UnityPoint Health ,2026-07-28,N/A,UnityPoint Health 2026-07-28
IA,"NFI Interactive Logistics, LLC",2026-07-28,N/A,"NFI Interactive Logistics, LLC2026-07-28"
CA,"International Rescue Committee, Inc.",2026-07-28,15,"International Rescue Committee, Inc.2026-07-28"
CA,Sunnyside Restaurant and Lodge,2026-07-28,47,Sunnyside Restaurant and Lodge2026-07-28
CA,Federal Express Corporation,2026-07-28,54,Federal Express Corporation2026-07-28
CA,"ServiceNow, Inc.",2026-07-28,133,"ServiceNow, Inc.2026-07-28"
CA,"International Rescue Committee, Inc.",2026-07-28,41,"International Rescue Committee, Inc.2026-07-28"
NY,"NY HEAT, LLC. (The Lambs Club)",2026-07-27,75,"NY HEAT, LLC. (The Lambs Club)2026-07-27"
NY,BuzzFeed Media Enterprises Inc,2026-07-27,84,BuzzFeed Media Enterprises Inc2026-07-27
OR,"Bowtech, LLC",2026-07-27,N/A,"Bowtech, LLC2026-07-27"
CA,"Yerba Mate Co., LLC - Santa Ana",2026-07-27,1,"Yerba Mate Co., LLC - Santa Ana2026-07-27"
CA,"Yerba Mate Co., LLC - Sacramento",2026-07-27,3,"Yerba Mate Co., LLC - Sacramento2026-07-27"
CA,"Yerba Mate Co., LLC - San Leandro",2026-07-27,4,"Yerba Mate Co., LLC - San Leandro2026-07-27"
CA,"Yerba Mate Co., LLC - Bakersfield/Fresno",2026-07-27,1,"Yerba Mate Co., LLC - Bakersfield/Fresno2026-07-27"
CA,PD Systems,2026-07-27,81,PD Systems2026-07-27
CA,O'Brien's Market Inc.,2026-07-27,50,O'Brien's Market Inc.2026-07-27
CA,"Yerba Mate Co., LLC",2026-07-27,6,"Yerba Mate Co., LLC2026-07-27"
CA,"Yerba Mate Co., LLC - San Fernando Valley",2026-07-27,2,"Yerba Mate Co., LLC - San Fernando Valley2026-07-27"
OR,"Bowtech, LLC",2026-07-27,N/A,"Bowtech, LLC2026-07-27"
CA,"Yerba Mate Co., LLC - Riverside",2026-07-27,2,"Yerba Mate Co., LLC - Riverside2026-07-27"
CA,"Yerba Mate Co., LLC - South San Francisco",2026-07-27,1,"Yerba Mate Co., LLC - South San Francisco2026-07-27"
OR,"Bowtech, LLC",2026-07-27,N/A,"Bowtech, LLC2026-07-27"
OR,"Bowtech, LLC",2026-07-27,N/A,"Bowtech, LLC2026-07-27"
OR,"Bowtech, LLC",2026-07-27,N/A,"Bowtech, LLC2026-07-27"
CA,"Yerba Mate Co., LLC - Santa Barbara",2026-07-27,1,"Yerba Mate Co., LLC - Santa Barbara2026-07-27"
CA,"Yerba Mate Co., LLC - Santa Maria",2026-07-27,1,"Yerba Mate Co., LLC - Santa Maria2026-07-27"
CA,"Yerba Mate Co., LLC - Santa Cruz",2026-07-27,1,"Yerba Mate Co., LLC - Santa Cruz2026-07-27"
CA,"Yerba Mate Co., LLC - Petaluma",2026-07-27,1,"Yerba Mate Co., LLC - Petaluma2026-07-27"
CA,"Yerba Mate Co., LLC - Santa Rosa",2026-07-27,1,"Yerba Mate Co., LLC - Santa Rosa2026-07-27"
CA,O'Briens Market Inc.,2026-07-27,67,O'Briens Market Inc.2026-07-27
CA,Intel Corporation - SC11,2026-07-24,2,Intel Corporation - SC112026-07-24
CA,Chick-fil-A & Fig,2026-07-24,77,Chick-fil-A & Fig2026-07-24
CA,Intel Corporation - SC-12,2026-07-24,67,Intel Corporation - SC-122026-07-24
CA,Intel Corporation - Robert Noyce Building,2026-07-24,24,Intel Corporation - Robert Noyce Building2026-07-24
CA,Intel Corporation - SC-9,2026-07-24,10,Intel Corporation - SC-92026-07-24
CA,Sodexo,2026-07-24,164,Sodexo2026-07-24
NY,"Medical Care at Home, P.C.",2026-07-24,28,"Medical Care at Home, P.C.2026-07-24"
NY,"Recreational Equipment, Inc.",2026-07-23,72,"Recreational Equipment, Inc.2026-07-23"
CA,Fortrex,2026-07-23,91,Fortrex2026-07-23
CA,"CraftForce Services, Inc. (2330 Circadian Way)",2026-07-22,51,"CraftForce Services, Inc. (2330 Circadian Way)2026-07-22"
CA,"CraftForce Services, Inc. (2753 Giffen Avenue)",2026-07-22,7,"CraftForce Services, Inc. (2753 Giffen Avenue)2026-07-22"
HI,Bayer Research and Development Services,2026-07-22,N/A,Bayer Research and Development Services2026-07-22
CA,"Uber Technologies, Inc. (Remote)",2026-07-22,14,"Uber Technologies, Inc. (Remote)2026-07-22"
CA,"Uber Technologies, Inc. (1725 3rd St.)",2026-07-22,1,"Uber Technologies, Inc. (1725 3rd St.)2026-07-22"
CA,"Uber Technologies, Inc. (1655 3rd Street)",2026-07-22,26,"Uber Technologies, Inc. (1655 3rd Street)2026-07-22"
IA,Wells Fargo,2026-07-22,N/A,Wells Fargo2026-07-22
AL,BASF Corporation,2026-07-22,79,BASF Corporation2026-07-22
MT,Wells Fargo & Company,2026-07-21,2,Wells Fargo & Company2026-07-21
CA,"New Leaf Community Markets, Inc.",2026-07-21,61,"New Leaf Community Markets, Inc.2026-07-21"
CA,Pixar,2026-07-21,108,Pixar2026-07-21
IN,Owens Corning,2026-07-21,130,Owens Corning2026-07-21
CA,Silgan Containers,2026-07-21,55,Silgan Containers2026-07-21
CA,Silgan Containers,2026-07-21,60,Silgan Containers2026-07-21
CA,"DesigneRX Pharmaceuticals, Inc.",2026-07-20,25,"DesigneRX Pharmaceuticals, Inc.2026-07-20"
NJ,"Alan Ritchey, Inc.",2026-07-17,176,"Alan Ritchey, Inc.2026-07-17"
NJ,Prudential Insurance Company of America,2026-07-17,53,Prudential Insurance Company of America2026-07-17
CA,"NBCUniversal Media, LLC - 1320",2026-07-17,3,"NBCUniversal Media, LLC - 13202026-07-17"
IA,River Hills Community Center,2026-07-17,N/A,River Hills Community Center2026-07-17
CA,"NBCUniversal Media, LLC - 1460",2026-07-17,55,"NBCUniversal Media, LLC - 14602026-07-17"
CA,"Magic Leap, Inc.",2026-07-17,76,"Magic Leap, Inc.2026-07-17"
CA,"Monterey Mushrooms, LLC",2026-07-17,253,"Monterey Mushrooms, LLC2026-07-17"
IN,"Forest River, Inc.",2026-07-17,105,"Forest River, Inc.2026-07-17"
IA,River Hills Community Center,2026-07-17,N/A,River Hills Community Center2026-07-17
CA,"NBCUniversal Media, LLC -1440",2026-07-17,87,"NBCUniversal Media, LLC -14402026-07-17"
CA,"NBCUniversal Media, LLC - 1360",2026-07-17,5,"NBCUniversal Media, LLC - 13602026-07-17"
CA,"Aramark Campus, LLC",2026-07-16,94,"Aramark Campus, LLC2026-07-16"
CA,Phillips 66,2026-07-16,5,Phillips 662026-07-16
WA,Verizon,2026-07-16,N/A,Verizon2026-07-16
AL,Alabama Cooperage,2026-07-16,71,Alabama Cooperage2026-07-16
CA,"Eargo, Inc.",2026-07-15,57,"Eargo, Inc.2026-07-15"
CA,Ventura Coastal,2026-07-15,71,Ventura Coastal2026-07-15
CA,Red Lobster Restaurants LLC,2026-07-14,37,Red Lobster Restaurants LLC2026-07-14
OK,PepsiCo,2026-07-14,N/A,PepsiCo2026-07-14
CA,"ELC Beauty LLC (Too Faced Cosmetics, LLC)",2026-07-14,67,"ELC Beauty LLC (Too Faced Cosmetics, LLC)2026-07-14"
CA,"Coursera, Inc.",2026-07-14,31,"Coursera, Inc.2026-07-14"
CA,"Udemy, Inc.",2026-07-14,28,"Udemy, Inc.2026-07-14"
CA,"GMRI, Inc. dba Yard House",2026-07-14,78,"GMRI, Inc. dba Yard House2026-07-14"
NY,G&L Restaurant LLC,2026-07-14,37,G&L Restaurant LLC2026-07-14
CA,Wind & Sea Restaurant,2026-07-14,198,Wind & Sea Restaurant2026-07-14
CA,Queen City Staffing,2026-07-14,49,Queen City Staffing2026-07-14
TN,Carlex,2026-07-13,N/A,Carlex2026-07-13
CA,"AWCS, LLC (Cottonwood Post-Acute Rehab",2026-07-13,158,"AWCS, LLC (Cottonwood Post-Acute Rehab2026-07-13"
NY,"Durham School Services, LP./Monroe School Transportation, Inc.",2026-07-12,180,"Durham School Services, LP./Monroe School Transportation, Inc.2026-07-12"
NY,"Durham School Services, LP./Monroe School Transportation, Inc.",2026-07-12,78,"Durham School Services, LP./Monroe School Transportation, Inc.2026-07-12"
IA,Independence Premium Foods,2026-07-10,N/A,Independence Premium Foods2026-07-10
CA,6th Street Center for Youth (Youth for Change),2026-07-10,6,6th Street Center for Youth (Youth for Change)2026-07-10
CA,"GXO Logistics Worldwide, LLC",2026-07-10,46,"GXO Logistics Worldwide, LLC2026-07-10"
CA,Xpress Delivery LLC (DSJ9),2026-07-09,80,Xpress Delivery LLC (DSJ9)2026-07-09
VA,Emerson,2026-07-09,139,Emerson2026-07-09
NY,Buffalo Newspress Inc. d/b/a BNP Empowered Print,2026-07-09,81,Buffalo Newspress Inc. d/b/a BNP Empowered Print2026-07-09
UT,Provo Canyon School,2026-07-09,303,Provo Canyon School2026-07-09
CA,OnPoint Logistics LLC,2026-07-09,96,OnPoint Logistics LLC2026-07-09
VA,Medical Faculty Associates Inc. (MFA),2026-07-08,2,Medical Faculty Associates Inc. (MFA)2026-07-08
WA,"Expeditors International of Washington, Inc.",2026-07-08,N/A,"Expeditors International of Washington, Inc.2026-07-08"
NJ,JP Morgan Chase,2026-07-08,173,JP Morgan Chase2026-07-08
CA,Sentinel Restaurant & Hospitality Group LLC,2026-07-08,113,Sentinel Restaurant & Hospitality Group LLC2026-07-08
IA,Wells Fargo,2026-07-07,N/A,Wells Fargo2026-07-07
NY,"Ferraro Foods of New York North, LLC.",2026-07-07,62,"Ferraro Foods of New York North, LLC.2026-07-07"
CA,The Vons Companies Inc.,2026-07-07,55,The Vons Companies Inc.2026-07-07
TN,Regional One Extended Care Hospital,2026-07-07,N/A,Regional One Extended Care Hospital2026-07-07
CA,LeeMAH Electronics,2026-07-07,212,LeeMAH Electronics2026-07-07
WA,Microsoft,2026-07-06,N/A,Microsoft2026-07-06
AK,RNDC Shared Services LLC,2026-07-06,160,RNDC Shared Services LLC2026-07-06
UT,Notions Marketing,2026-07-06,3,Notions Marketing2026-07-06
CA,GEODIS,2026-07-06,81,GEODIS2026-07-06
PA,"Quality Packaging Specialists International, LLC",2026-07-06,83,"Quality Packaging Specialists International, LLC2026-07-06"
CA,Obsidian,2026-07-06,52,Obsidian2026-07-06
NY,420 Park FB LLC,2026-07-06,42,420 Park FB LLC2026-07-06
SC,"thyssenkrupp Supply Chain Services, Inc.",2026-07-05,110,"thyssenkrupp Supply Chain Services, Inc.2026-07-05"
NJ,Winfit LLC,2026-07-05,5,Winfit LLC2026-07-05
NY,"NHS U.S., LLC.",2026-07-03,31,"NHS U.S., LLC.2026-07-03"
CA,"Kingdom Animalia, LLC (Hourglass Cosmetics)",2026-07-02,7,"Kingdom Animalia, LLC (Hourglass Cosmetics)2026-07-02"
WA,Amazon,2026-07-02,N/A,Amazon2026-07-02
WA,"INDUS Technology, Inc.",2026-07-02,N/A,"INDUS Technology, Inc.2026-07-02"
CA,DHL Supply Chain,2026-07-02,33,DHL Supply Chain2026-07-02
NJ,Notions Marketing,2026-07-02,179,Notions Marketing2026-07-02
CA,Blue Diamond Growers,2026-07-02,31,Blue Diamond Growers2026-07-02
WA,"Alpha Technologies Services, Inc.",2026-07-01,N/A,"Alpha Technologies Services, Inc.2026-07-01"
NY,"Oracle America, Inc.",2026-07-01,62,"Oracle America, Inc.2026-07-01"
CA,Chevron,2026-07-01,180,Chevron2026-07-01
VA,T&amp;H Services LLC,2026-07-01,76,T&amp;H Services LLC2026-07-01
NY,Villa Mary Immaculate d/b/a St. Peter’s Nursing and Rehabilitation Center (SPNRC),2026-06-30,133,Villa Mary Immaculate d/b/a St. Peter’s Nursing and Rehabilitation Center (SPNRC)2026-06-30
NY,"University of Rochester (Children’s Institute, Inc.)",2026-06-30,34,"University of Rochester (Children’s Institute, Inc.)2026-06-30"
NY,Unique Care Ltd,2026-06-30,59,Unique Care Ltd2026-06-30
NY,The Rockefeller University,2026-06-30,27,The Rockefeller University2026-06-30
NY,The Children's Village,2026-06-30,200,The Children's Village2026-06-30
NY,The Bank of Nova Scotia,2026-06-30,15,The Bank of Nova Scotia2026-06-30
PA,"Church & Dwight Company, Inc.",2026-06-30,195,"Church & Dwight Company, Inc.2026-06-30"
NY,"Sparus Holdings, LLC. & Southern Cross, LLC",2026-06-30,19,"Sparus Holdings, LLC. & Southern Cross, LLC2026-06-30"
CA,Federal Express Corporation,2026-06-30,57,Federal Express Corporation2026-06-30
IA,Great Souther Bank,2026-06-30,N/A,Great Souther Bank2026-06-30
IA,Great Souther Bank,2026-06-30,N/A,Great Souther Bank2026-06-30
CA,Fox Sports En Espanol LLC,2026-06-30,133,Fox Sports En Espanol LLC2026-06-30
PA,"Advantest, Inc.",2026-06-30,55,"Advantest, Inc.2026-06-30"
IA,BrandFX,2026-06-30,N/A,BrandFX2026-06-30
IN,Thyssenkrupp Presta North America,2026-06-30,207,Thyssenkrupp Presta North America2026-06-30
NY,"Maximus, Inc.",2026-06-30,176,"Maximus, Inc.2026-06-30"
NY,Cayuga Home for Children,2026-06-30,1,Cayuga Home for Children2026-06-30
NY,Cayuga Home for Children,2026-06-30,1,Cayuga Home for Children2026-06-30
NY,Cayuga Home for Children,2026-06-30,319,Cayuga Home for Children2026-06-30
CA,Athwal FDS Corporation,2026-06-30,35,Athwal FDS Corporation2026-06-30
NY,"College Association at Delhi, Inc.- SUNY Delhi",2026-06-30,53,"College Association at Delhi, Inc.- SUNY Delhi2026-06-30"
NY,"Flagship Logistics, LLC.",2026-06-30,43,"Flagship Logistics, LLC.2026-06-30"
CA,McDonald's Corporation,2026-06-30,2,McDonald's Corporation2026-06-30
NY,Lutheran Social Services of New York,2026-06-30,20,Lutheran Social Services of New York2026-06-30
NY,Lutheran Social Services of New York,2026-06-30,30,Lutheran Social Services of New York2026-06-30
NY,Lutheran Social Services of New York,2026-06-30,38,Lutheran Social Services of New York2026-06-30
HI,Adventist Health,2026-06-30,N/A,Adventist Health2026-06-30
NY,Cayuga Home for Children,2026-06-30,14,Cayuga Home for Children2026-06-30
PA,Durham School Services,2026-06-29,299,Durham School Services2026-06-29
AZ,"Conduent Commercial Solutions, LLC",2026-06-29,N/A,"Conduent Commercial Solutions, LLC2026-06-29"
VA,Conduent Commercial Solutions LLC,2026-06-29,24,Conduent Commercial Solutions LLC2026-06-29
VA,Times Fiber Communications (TFC),2026-06-29,78,Times Fiber Communications (TFC)2026-06-29
DE,Conduent,2026-06-29,1,Conduent2026-06-29
SD,Conduent,2026-06-29,1,Conduent2026-06-29
HI,Ali`i Health Center,2026-06-29,N/A,Ali`i Health Center2026-06-29
CA,Ballast Point Brewing Company,2026-06-29,19,Ballast Point Brewing Company2026-06-29
WA,"Conduent Commercial Solutions, LLC",2026-06-29,N/A,"Conduent Commercial Solutions, LLC2026-06-29"
CA,Dignity Health (California Hospital Medical Center),2026-06-29,82,Dignity Health (California Hospital Medical Center)2026-06-29
WA,PetVet Care Centers,2026-06-29,N/A,PetVet Care Centers2026-06-29
CA,Dignity Health (Bakersfield Memorial Hospital),2026-06-29,57,Dignity Health (Bakersfield Memorial Hospital)2026-06-29
SC,Univar Solutions USA LLC,2026-06-28,99,Univar Solutions USA LLC2026-06-28
NJ,"Citibank, N.A.",2026-06-28,68,"Citibank, N.A.2026-06-28"
CA,International Paper Company,2026-06-26,130,International Paper Company2026-06-26
CA,"Flagship Facilities Services, LLC",2026-06-26,5,"Flagship Facilities Services, LLC2026-06-26"
CA,Blue Diamond Growers,2026-06-26,93,Blue Diamond Growers2026-06-26
CA,"Flagship Facilities Services, LLC",2026-06-26,13,"Flagship Facilities Services, LLC2026-06-26"
CA,"Flagship Facilities Services, LLC",2026-06-26,2,"Flagship Facilities Services, LLC2026-06-26"
CA,VCA Corporate Support Office,2026-06-26,100,VCA Corporate Support Office2026-06-26
OR,Conduent - Oregon Remote Employees,2026-06-26,N/A,Conduent - Oregon Remote Employees2026-06-26
RI,Conduent ,2026-06-26,1,Conduent 2026-06-26
WA,"Transdev Services, Inc",2026-06-26,N/A,"Transdev Services, Inc2026-06-26"
NE,"Skylark Meats, LLC",2026-06-26,218,"Skylark Meats, LLC2026-06-26"
NE,Conduent,2026-06-26,2,Conduent2026-06-26
MO,Unknown,2026-06-26,172,Unknown2026-06-26
IN,"Conduent Commercial Solutions, LLC",2026-06-26,7,"Conduent Commercial Solutions, LLC2026-06-26"
CA,Conduent,2026-06-26,51,Conduent2026-06-26
WA,"Flagship Facilities Services, LLC",2026-06-26,N/A,"Flagship Facilities Services, LLC2026-06-26"
MO,Unknown,2026-06-26,3,Unknown2026-06-26
OK,CONDUENT PATIENT ACCESS SOLUTIONS,2026-06-26,N/A,CONDUENT PATIENT ACCESS SOLUTIONS2026-06-26
CA,"Genentech, Inc.",2026-06-26,103,"Genentech, Inc.2026-06-26"
CA,Adventist Health Tehachapi Valley,2026-06-25,3,Adventist Health Tehachapi Valley2026-06-25
CA,Adventist Health Specialty Bakersfield,2026-06-25,1,Adventist Health Specialty Bakersfield2026-06-25
CA,Adventist Health St. Helena,2026-06-25,3,Adventist Health St. Helena2026-06-25
CA,Adventist Health Delano,2026-06-25,3,Adventist Health Delano2026-06-25
CA,Adventist Health Bakersfield,2026-06-25,15,Adventist Health Bakersfield2026-06-25
CA,Adventist Health Hanford,2026-06-25,12,Adventist Health Hanford2026-06-25
CA,Adventist Health Clear Lake,2026-06-25,4,Adventist Health Clear Lake2026-06-25
CA,Adventist Health Glendale,2026-06-25,12,Adventist Health Glendale2026-06-25
CA,Adventist Health White Memorial Montebello,2026-06-25,2,Adventist Health White Memorial Montebello2026-06-25
CA,Adventist Health White Memorial Cesar E. Chavez,2026-06-25,11,Adventist Health White Memorial Cesar E. Chavez2026-06-25
CA,Adventist Health Howard Memorial,2026-06-25,6,Adventist Health Howard Memorial2026-06-25
CA,Adventist Health Mendocino Coast,2026-06-25,3,Adventist Health Mendocino Coast2026-06-25
CA,Adventist Health Ukiah Valley,2026-06-25,5,Adventist Health Ukiah Valley2026-06-25
CA,Adventist Health Vallejo,2026-06-25,3,Adventist Health Vallejo2026-06-25
CA,Adventist Health Roseville,2026-06-25,2,Adventist Health Roseville2026-06-25
CA,Adventist Health Lodi Memorial,2026-06-25,7,Adventist Health Lodi Memorial2026-06-25
CA,Adventist Health Sierra Vista,2026-06-25,5,Adventist Health Sierra Vista2026-06-25
CA,Adventist Health Twin Cities,2026-06-25,4,Adventist Health Twin Cities2026-06-25
CA,Adventist Health Sonora,2026-06-25,8,Adventist Health Sonora2026-06-25
CA,Adventist Health Simi Valley,2026-06-25,7,Adventist Health Simi Valley2026-06-25
CA,Adventist Health and Rideout,2026-06-25,9,Adventist Health and Rideout2026-06-25
WA,"Bungie, Inc/Sony Interactive Entertainment",2026-06-25,N/A,"Bungie, Inc/Sony Interactive Entertainment2026-06-25"
OR,Adventist Health Columbia Gorge,2026-06-24,N/A,Adventist Health Columbia Gorge2026-06-24
NY,Bank of America,2026-06-24,170,Bank of America2026-06-24
CA,"BILL Operations, LLC",2026-06-24,129,"BILL Operations, LLC2026-06-24"
TN,Stanley Black & Decker,2026-06-24,N/A,Stanley Black & Decker2026-06-24
OR,Adventist Health Tillamook,2026-06-24,N/A,Adventist Health Tillamook2026-06-24
OR,Adventist Health Portland,2026-06-24,N/A,Adventist Health Portland2026-06-24
NY,"Sardi's Enterprises, Ltd.",2026-06-24,62,"Sardi's Enterprises, Ltd.2026-06-24"
CA,Raytheon,2026-06-24,1,Raytheon2026-06-24
IA,Wells Fargo,2026-06-23,N/A,Wells Fargo2026-06-23
CA,"Nestle USA, Inc.",2026-06-23,57,"Nestle USA, Inc.2026-06-23"
NY,"Springer Nature America, Inc.",2026-06-23,24,"Springer Nature America, Inc.2026-06-23"
MT,Wells Fargo & Company,2026-06-23,16,Wells Fargo & Company2026-06-23
NY,"Finger Lakes On Wheels, LLC.",2026-06-23,85,"Finger Lakes On Wheels, LLC.2026-06-23"
CA,Corteva Agriscience,2026-06-23,1,Corteva Agriscience2026-06-23
CA,Valley Children's Hospital,2026-06-23,88,Valley Children's Hospital2026-06-23
CA,"Sangamo Therapeutics, Inc.",2026-06-22,4,"Sangamo Therapeutics, Inc.2026-06-22"
CA,"Lucid Group, Inc.",2026-06-22,136,"Lucid Group, Inc.2026-06-22"
CA,"GXO Logistics Worldwide, LLC",2026-06-22,53,"GXO Logistics Worldwide, LLC2026-06-22"
CA,"Sangamo Therapeutics, Inc.",2026-06-22,47,"Sangamo Therapeutics, Inc.2026-06-22"
CA,Keywords International Limited Group,2026-06-22,128,Keywords International Limited Group2026-06-22
TN,Hard Rock Cafe,2026-06-22,N/A,Hard Rock Cafe2026-06-22
CA,Frick Paper Company (Paper Mart),2026-06-22,78,Frick Paper Company (Paper Mart)2026-06-22
CA,"Vine Hospitality (Blue Rock Restaurant Partners, LP)",2026-06-21,54,"Vine Hospitality (Blue Rock Restaurant Partners, LP)2026-06-21"
CA,"Vine Hospitality (Vine Dining Enterprises, Inc)",2026-06-21,12,"Vine Hospitality (Vine Dining Enterprises, Inc)2026-06-21"
CA,"Vine Hospitality (Meso Santana Row, LP)",2026-06-21,54,"Vine Hospitality (Meso Santana Row, LP)2026-06-21"
CA,"Vine Hospitality (Left Bank Tiburon, LP)",2026-06-21,20,"Vine Hospitality (Left Bank Tiburon, LP)2026-06-21"
CA,"Vine Hospitality (La Rive Gauche San Jose, LLC)",2026-06-21,73,"Vine Hospitality (La Rive Gauche San Jose, LLC)2026-06-21"
CA,"Vine Hospitality (LB Steak Bishop Ranch, LP)",2026-06-21,51,"Vine Hospitality (LB Steak Bishop Ranch, LP)2026-06-21"
CA,"Vine Hospitality (Santana Grill Partners, LP)",2026-06-21,59,"Vine Hospitality (Santana Grill Partners, LP)2026-06-21"
CA,"Vine Hospitality (Left Bank Menlo Park Partners, LP)",2026-06-21,42,"Vine Hospitality (Left Bank Menlo Park Partners, LP)2026-06-21"
FL,"Hard Rock Cafe Miami 
401 Biscayne Blvd

MIAMI, FL, 33132",2026-06-20,117,"Hard Rock Cafe Miami 
401 Biscayne Blvd

MIAMI, FL, 331322026-06-20"
NJ,JP Morgan Chase,2026-06-20,134,JP Morgan Chase2026-06-20
NY,"PharmaCann, Inc.",2026-06-20,130,"PharmaCann, Inc.2026-06-20"
CA,Walmart (860 W California Ave),2026-06-19,1,Walmart (860 W California Ave)2026-06-19
CA,Walmart (840 W California Ave),2026-06-19,1,Walmart (840 W California Ave)2026-06-19
CA,Walmart (815 Eleventh Ave),2026-06-19,54,Walmart (815 Eleventh Ave)2026-06-19
CA,Walmart (809 11th Ave),2026-06-19,49,Walmart (809 11th Ave)2026-06-19
CA,Walmart (640 W. California Ave.),2026-06-19,3,Walmart (640 W. California Ave.)2026-06-19
CA,Walmart (1395 Crossman Ave.),2026-06-19,68,Walmart (1395 Crossman Ave.)2026-06-19
CA,Walmart (1345 Crossman Ave.),2026-06-19,67,Walmart (1345 Crossman Ave.)2026-06-19
CA,Walmart (1375 Crossman Ave.),2026-06-19,63,Walmart (1375 Crossman Ave.)2026-06-19
CA,Walmart,2026-06-19,88,Walmart2026-06-19
NJ,Luna Foods dba Joey's Fine Foods,2026-06-19,61,Luna Foods dba Joey's Fine Foods2026-06-19
FL,"Southeast Home Care 
4348 Southpoint Blvd
Suite 311
JACKSONVILLE, FL, 32216",2026-06-18,10,"Southeast Home Care 
4348 Southpoint Blvd
Suite 311
JACKSONVILLE, FL, 322162026-06-18"
FL,"Southeast Home Care 
3710 Corporex Park Drive
Suite 100
TAMPA, FL, 33619",2026-06-18,23,"Southeast Home Care 
3710 Corporex Park Drive
Suite 100
TAMPA, FL, 336192026-06-18"
CA,Chick-fil-A,2026-06-18,147,Chick-fil-A2026-06-18
FL,"Southeast Home Care 
604 Courtland Street
Suite 100
ORLANDO, FL, 33716",2026-06-18,21,"Southeast Home Care 
604 Courtland Street
Suite 100
ORLANDO, FL, 337162026-06-18"
FL,"Southeast Home Care 
11300 4th Street North
Suite 250
SAINT PETERSBURG, FL, 33716",2026-06-18,12,"Southeast Home Care 
11300 4th Street North
Suite 250
SAINT PETERSBURG, FL, 337162026-06-18"
IN,"Snyder’s-Lance, Inc d/b/a Campbell Snacks",2026-06-18,111,"Snyder’s-Lance, Inc d/b/a Campbell Snacks2026-06-18"
CA,Blue Diamond Growers,2026-06-18,56,Blue Diamond Growers2026-06-18
FL,"Southeast Home Care 
3125 W. Commercial Blvd.
Suite 110
FORT LAUDERDALE, FL, 33309",2026-06-18,39,"Southeast Home Care 
3125 W. Commercial Blvd.
Suite 110
FORT LAUDERDALE, FL, 333092026-06-18"
FL,"W South Beach & Residences 
2201 Collins Ave

MIAMI BEACH, FL, 33139",2026-06-18,337,"W South Beach & Residences 
2201 Collins Ave

MIAMI BEACH, FL, 331392026-06-18"
FL,"Southeast Home Care 
3403 NW 82nd Avenue
Suite 210
DORAL, FL, 33122",2026-06-18,73,"Southeast Home Care 
3403 NW 82nd Avenue
Suite 210
DORAL, FL, 331222026-06-18"
TN,Smurfit Westrock,2026-06-17,N/A,Smurfit Westrock2026-06-17
WA,"First Student, Inc.",2026-06-17,N/A,"First Student, Inc.2026-06-17"
VT,"St. Albans Creamery, LLC",2026-06-17,N/A,"St. Albans Creamery, LLC2026-06-17"
TN,JBS USA Food Company,2026-06-17,N/A,JBS USA Food Company2026-06-17
TN,YesCare Corp.,2026-06-17,N/A,YesCare Corp.2026-06-17
IN,humano LLC,2026-06-17,586,humano LLC2026-06-17
CA,Lumileds LLC,2026-06-17,11,Lumileds LLC2026-06-17
IN,"SIMOS Insourcing Solutions, LLC",2026-06-17,572,"SIMOS Insourcing Solutions, LLC2026-06-17"
CA,"Comedy Club Oxnard, LLC",2026-06-17,69,"Comedy Club Oxnard, LLC2026-06-17"
AZ,"Leona Arizona Employment Group, Inc.",2026-06-16,N/A,"Leona Arizona Employment Group, Inc.2026-06-16"
CA,"Cisco Systems, Inc.",2026-06-16,154,"Cisco Systems, Inc.2026-06-16"
CA,"Robinhood Markets, Inc.",2026-06-16,63,"Robinhood Markets, Inc.2026-06-16"
CA,"Cisco Systems, Inc.",2026-06-16,236,"Cisco Systems, Inc.2026-06-16"
CA,"Cisco Systems, Inc.",2026-06-16,81,"Cisco Systems, Inc.2026-06-16"
TN,Pilgrim's Pride Corporation,2026-06-16,N/A,Pilgrim's Pride Corporation2026-06-16
HI,Hawaii Coffee Company (Royal Kona Coffee),2026-06-15,N/A,Hawaii Coffee Company (Royal Kona Coffee)2026-06-15
TN,"CACI, Inc.",2026-06-15,N/A,"CACI, Inc.2026-06-15"
NY,Dice Lion Technology LLC,2026-06-15,37,Dice Lion Technology LLC2026-06-15
VA,Vestis Services LLC,2026-06-15,19,Vestis Services LLC2026-06-15
IA,"Plastic Products Co., Inc.",2026-06-15,N/A,"Plastic Products Co., Inc.2026-06-15"
PA,"Vestis Services, LLC",2026-06-15,5,"Vestis Services, LLC2026-06-15"
NY,NeuLion USA LLC,2026-06-15,7,NeuLion USA LLC2026-06-15
CA,United Natural Foods West,2026-06-15,11,United Natural Foods West2026-06-15
CA,Leggett & Platt,2026-06-15,125,Leggett & Platt2026-06-15
MO,Unknown,2026-06-12,67,Unknown2026-06-12
CA,"Uber Technologies, Inc.",2026-06-12,3,"Uber Technologies, Inc.2026-06-12"
AZ,Paragon Space Development Corporation,2026-06-12,N/A,Paragon Space Development Corporation2026-06-12
CA,Hy-Tek Intralogistics,2026-06-11,200,Hy-Tek Intralogistics2026-06-11
NY,"NBCUniversal Media, LLC",2026-06-11,123,"NBCUniversal Media, LLC2026-06-11"
AL,Legacy Cabinets,2026-06-11,397,Legacy Cabinets2026-06-11
CA,"ServiceNow, Inc.",2026-06-10,54,"ServiceNow, Inc.2026-06-10"
FL,"Pitney Bowes Inc. 
8551 Westside Industrial Drive

JACKSONVILLE, FL, 32219",2026-06-10,68,"Pitney Bowes Inc. 
8551 Westside Industrial Drive

JACKSONVILLE, FL, 322192026-06-10"
CA,"Veritone, Inc.",2026-06-10,31,"Veritone, Inc.2026-06-10"
CA,"ServiceNow, Inc.",2026-06-10,63,"ServiceNow, Inc.2026-06-10"
CA,Ubisoft,2026-06-10,93,Ubisoft2026-06-10
IA,Iowa Department of Management,2026-06-09,N/A,Iowa Department of Management2026-06-09
HI,Ben Bridge (Pearlridge Store),2026-06-09,N/A,Ben Bridge (Pearlridge Store)2026-06-09
VA,General Dynamics Information Technology ,2026-06-09,174,General Dynamics Information Technology 2026-06-09
VT,University of Vermont Health,2026-06-09,142,University of Vermont Health2026-06-09
WA,"Expeditors International of Washington, Inc.",2026-06-08,N/A,"Expeditors International of Washington, Inc.2026-06-08"
WA,"Lavish Roots, Inc.",2026-06-08,N/A,"Lavish Roots, Inc.2026-06-08"
HI,Hyatt Centric Waikiki Rack (Nordstrom),2026-06-08,N/A,Hyatt Centric Waikiki Rack (Nordstrom)2026-06-08
FL,"Sanitas Medical Centers 
1430 S Dixie Hwy

CORAL GABLES, FL, 33146",2026-06-08,20,"Sanitas Medical Centers 
1430 S Dixie Hwy

CORAL GABLES, FL, 331462026-06-08"
FL,"Sanitas Medical Centers 
2604 S. US Hwy 27 Clermont

CLERMONT, FL, 34771",2026-06-08,25,"Sanitas Medical Centers 
2604 S. US Hwy 27 Clermont

CLERMONT, FL, 347712026-06-08"
FL,"Sanitas Medical Centers 
4980 E Irlo Bronson Memorial Hwy,

SAINT CLOUD, FL, 34771",2026-06-08,12,"Sanitas Medical Centers 
4980 E Irlo Bronson Memorial Hwy,

SAINT CLOUD, FL, 347712026-06-08"
FL,"Sanitas Medical Centers 
8400 NW 33rd Street
Suite 201
DORAL, FL, 33122",2026-06-08,115,"Sanitas Medical Centers 
8400 NW 33rd Street
Suite 201
DORAL, FL, 331222026-06-08"
FL,"Sanitas Medical Centers 
8400 NW 33rd Street

JACKSONVILLE, FL, 32202",2026-06-08,1,"Sanitas Medical Centers 
8400 NW 33rd Street

JACKSONVILLE, FL, 322022026-06-08"
FL,"Sanitas Medical Centers 
2415 N Monroe St
STE 563
TALLAHASSEE, FL, 32303",2026-06-08,2,"Sanitas Medical Centers 
2415 N Monroe St
STE 563
TALLAHASSEE, FL, 323032026-06-08"
FL,"Sanitas Medical Centers 
8793 N 56th St,

TEMPLE TERRACE, FL, 33617",2026-06-08,6,"Sanitas Medical Centers 
8793 N 56th St,

TEMPLE TERRACE, FL, 336172026-06-08"
FL,"Sanitas Medical Centers 
3617 W Hillsborough Ave

TAMPA, FL, 33614",2026-06-08,3,"Sanitas Medical Centers 
3617 W Hillsborough Ave

TAMPA, FL, 336142026-06-08"
FL,"Sanitas Medical Centers 
7342 W Commercial Blvd,

LAUDERHILL, FL, 33319",2026-06-08,2,"Sanitas Medical Centers 
7342 W Commercial Blvd,

LAUDERHILL, FL, 333192026-06-08"
FL,"Sanitas Medical Centers 
180 SW 84th Ave

PLANTATION, FL, 33324",2026-06-08,2,"Sanitas Medical Centers 
180 SW 84th Ave

PLANTATION, FL, 333242026-06-08"
FL,"Sanitas Medical Centers 
4850 W Oakland Park Blvd
Suite 136
LAUDERDALE LAKES, FL, 33313",2026-06-08,2,"Sanitas Medical Centers 
4850 W Oakland Park Blvd
Suite 136
LAUDERDALE LAKES, FL, 333132026-06-08"
FL,"Sanitas Medical Centers 
6100 Hollywood Blvd Suite 300

HOLLYWOOD, FL, 33024",2026-06-08,3,"Sanitas Medical Centers 
6100 Hollywood Blvd Suite 300

HOLLYWOOD, FL, 330242026-06-08"
FL,"Sanitas Medical Centers 
3001 Coral Hills Dr #360

CORAL SPRINGS, FL, 33065",2026-06-08,3,"Sanitas Medical Centers 
3001 Coral Hills Dr #360

CORAL SPRINGS, FL, 330652026-06-08"
FL,"Sanitas Medical Centers 
4925 Coconut Creek Pkwy

COCONUT CREEK, FL, 33063",2026-06-08,5,"Sanitas Medical Centers 
4925 Coconut Creek Pkwy

COCONUT CREEK, FL, 330632026-06-08"
FL,"Sanitas Medical Centers 
7091 College Pkwy #14

FORT MYERS, FL, 33907",2026-06-08,3,"Sanitas Medical Centers 
7091 College Pkwy #14

FORT MYERS, FL, 339072026-06-08"
FL,"Sanitas Medical Centers 
904 E Lafayette Street

TALLAHASSEE, FL, 32301",2026-06-08,7,"Sanitas Medical Centers 
904 E Lafayette Street

TALLAHASSEE, FL, 323012026-06-08"
TN,WK Kellogg Co,2026-06-08,N/A,WK Kellogg Co2026-06-08
CA,Verily Health Inc.,2026-06-08,58,Verily Health Inc.2026-06-08
IN,Ryder Integrated Logistics,2026-06-08,76,Ryder Integrated Logistics2026-06-08
CA,"Salesforce, Inc.",2026-06-08,86,"Salesforce, Inc.2026-06-08"
MO,Unknown,2026-06-08,163,Unknown2026-06-08
CA,ODS Technologies LP and Betfair Interactive US LLC,2026-06-08,28,ODS Technologies LP and Betfair Interactive US LLC2026-06-08
VA,Parkhurst Dining LLC (Randolph Macon College Site),2026-06-05,80,Parkhurst Dining LLC (Randolph Macon College Site)2026-06-05
MO,Unknown,2026-06-05,107,Unknown2026-06-05
CA,Morgan Advance Ceramics Inc.,2026-06-05,96,Morgan Advance Ceramics Inc.2026-06-05
CA,Blue Diamond Growers,2026-06-05,40,Blue Diamond Growers2026-06-05
VA,SMBC Manubank,2026-06-04,6,SMBC Manubank2026-06-04
IA,Whirlpool Corporation,2026-06-04,N/A,Whirlpool Corporation2026-06-04
AZ,SMBC MANUBANK,2026-06-04,N/A,SMBC MANUBANK2026-06-04
WA,SMBC Manubank,2026-06-04,N/A,SMBC Manubank2026-06-04
CA,Highlands Community Charter and Technical Schools (901 Arden Way),2026-06-03,1,Highlands Community Charter and Technical Schools (901 Arden Way)2026-06-03
CA,"Uber Technologies, Inc. (Remote)",2026-06-03,5,"Uber Technologies, Inc. (Remote)2026-06-03"
CA,"St. Vincent de Paul Society of Lane County, Inc.",2026-06-03,8,"St. Vincent de Paul Society of Lane County, Inc.2026-06-03"
CA,"Uber Technologies, Inc. (1725 3rd St.)",2026-06-03,22,"Uber Technologies, Inc. (1725 3rd St.)2026-06-03"
CA,"Uber Technologies, Inc. (1655 3rd Street)",2026-06-03,2,"Uber Technologies, Inc. (1655 3rd Street)2026-06-03"
CA,"Quizlet, Inc.",2026-06-03,79,"Quizlet, Inc.2026-06-03"
CA,Highlands Community Charter and Technical Schools (5961 Franklin Blvd),2026-06-03,9,Highlands Community Charter and Technical Schools (5961 Franklin Blvd)2026-06-03
CA,Highlands Community Charter and Technical Schools (1111 Howe Ave),2026-06-03,43,Highlands Community Charter and Technical Schools (1111 Howe Ave)2026-06-03
CA,Highlands Community Charter and Technical Schools (2520 33rd Street),2026-06-03,1,Highlands Community Charter and Technical Schools (2520 33rd Street)2026-06-03
CA,Highlands Community Charter and Technical Schools (8180 Industrial Parkway),2026-06-03,1,Highlands Community Charter and Technical Schools (8180 Industrial Parkway)2026-06-03
CA,Highlands Community Charter and Technical Schools (3727 Marconi Ave),2026-06-03,10,Highlands Community Charter and Technical Schools (3727 Marconi Ave)2026-06-03
CA,Highlands Community Charter and Technical Schools (7817 Old Auburn Road),2026-06-03,1,Highlands Community Charter and Technical Schools (7817 Old Auburn Road)2026-06-03
CA,Highlands Community Charter and Technical Schools (5655 Hillsdale Blvd),2026-06-03,5,Highlands Community Charter and Technical Schools (5655 Hillsdale Blvd)2026-06-03
CA,Highlands Community Charter and Technical Schools (4541 College Oak Drive),2026-06-03,1,Highlands Community Charter and Technical Schools (4541 College Oak Drive)2026-06-03
CA,Highlands Community Charter and Technical Schools (800 Todhunter Ave),2026-06-03,5,Highlands Community Charter and Technical Schools (800 Todhunter Ave)2026-06-03
CA,Highlands Community Charter and Technical Schools (3301 37th Ave),2026-06-03,2,Highlands Community Charter and Technical Schools (3301 37th Ave)2026-06-03
CA,"Dwyer Instruments, LLC",2026-06-02,53,"Dwyer Instruments, LLC2026-06-02"
ME,SP+ Parking,2026-06-02,100,SP+ Parking2026-06-02
CA,"Off Duty Officers, Inc. (3333 National Ave.)",2026-06-02,2,"Off Duty Officers, Inc. (3333 National Ave.)2026-06-02"
CA,"Off Duty Officers, Inc. (8 Crestwood Rd.)",2026-06-02,1,"Off Duty Officers, Inc. (8 Crestwood Rd.)2026-06-02"
CA,"Off Duty Officers, Inc. (1500-1552 Encinitas Blvd.)",2026-06-02,2,"Off Duty Officers, Inc. (1500-1552 Encinitas Blvd.)2026-06-02"
CA,"Off Duty Officers, Inc. (8725 Ariva Ct.)",2026-06-02,3,"Off Duty Officers, Inc. (8725 Ariva Ct.)2026-06-02"
CA,"Off Duty Officers, Inc. (262 North El Camino Real)",2026-06-02,3,"Off Duty Officers, Inc. (262 North El Camino Real)2026-06-02"
CA,"Off Duty Officers, Inc. (105-133 North El Camino Real)",2026-06-02,2,"Off Duty Officers, Inc. (105-133 North El Camino Real)2026-06-02"
CA,"Off Duty Officers, Inc. (3439 Via Montebello)",2026-06-02,4,"Off Duty Officers, Inc. (3439 Via Montebello)2026-06-02"
CA,"Off Duty Officers, Inc. (10615 Tierrasanta Blvd.)",2026-06-02,2,"Off Duty Officers, Inc. (10615 Tierrasanta Blvd.)2026-06-02"
AZ,Federal Express Corporation,2026-06-02,N/A,Federal Express Corporation2026-06-02
IN,Noble Inc,2026-06-02,85,Noble Inc2026-06-02
CA,"Off Duty Officers, Inc. (1081-1139 South Mission Rd.)",2026-06-02,2,"Off Duty Officers, Inc. (1081-1139 South Mission Rd.)2026-06-02"
MO,Unknown,2026-06-02,6,Unknown2026-06-02
CA,"Off Duty Officers, Inc. (123 35th St.)",2026-06-02,2,"Off Duty Officers, Inc. (123 35th St.)2026-06-02"
CA,"Off Duty Officers, Inc. (151 Van Houten Ave.)",2026-06-02,3,"Off Duty Officers, Inc. (151 Van Houten Ave.)2026-06-02"
CA,"Off Duty Officers, Inc. (999 Woodlake Dr.)",2026-06-02,1,"Off Duty Officers, Inc. (999 Woodlake Dr.)2026-06-02"
CA,"Off Duty Officers, Inc. (789 W Harbor Dr.)",2026-06-02,5,"Off Duty Officers, Inc. (789 W Harbor Dr.)2026-06-02"
CA,"Off Duty Officers, Inc. (1250 Delevan Dr.)",2026-06-02,5,"Off Duty Officers, Inc. (1250 Delevan Dr.)2026-06-02"
CA,"Off Duty Officers, Inc. (1196 3rd Ave.)",2026-06-02,1,"Off Duty Officers, Inc. (1196 3rd Ave.)2026-06-02"
CA,"Off Duty Officers, Inc. (12855 Black Mountain Rd.)",2026-06-02,2,"Off Duty Officers, Inc. (12855 Black Mountain Rd.)2026-06-02"
CA,"Off Duty Officers, Inc. (13533 Seal Beach Blvd.)",2026-06-02,8,"Off Duty Officers, Inc. (13533 Seal Beach Blvd.)2026-06-02"
CA,"Off Duty Officers, Inc. (3477 E. Gage Ave.)",2026-06-02,2,"Off Duty Officers, Inc. (3477 E. Gage Ave.)2026-06-02"
CA,"Off Duty Officers, Inc. (375 M St.)",2026-06-02,1,"Off Duty Officers, Inc. (375 M St.)2026-06-02"
CA,"Off Duty Officers, Inc. (4873 Lone Tree Way)",2026-06-02,5,"Off Duty Officers, Inc. (4873 Lone Tree Way)2026-06-02"
CA,"Off Duty Officers, Inc. (4058 Willows Rd.)",2026-06-02,1,"Off Duty Officers, Inc. (4058 Willows Rd.)2026-06-02"
CA,"Optum Care, Inc.",2026-06-01,2,"Optum Care, Inc.2026-06-01"
CA,IntelliPower Inc.,2026-06-01,40,IntelliPower Inc.2026-06-01
CA,"HealthCare Partners Medical Group, P.C.",2026-06-01,1,"HealthCare Partners Medical Group, P.C.2026-06-01"
CA,"GXO Logistics Worldwide, LLC",2026-06-01,31,"GXO Logistics Worldwide, LLC2026-06-01"
CA,"Optum Care, Inc.",2026-06-01,80,"Optum Care, Inc.2026-06-01"
VA,M1 Support Services LP,2026-06-01,168,M1 Support Services LP2026-06-01
CA,"HealthCare Partners Group, P.C.",2026-06-01,1,"HealthCare Partners Group, P.C.2026-06-01"
CA,"HealthCare Partners Medical Group, P.C.",2026-06-01,1,"HealthCare Partners Medical Group, P.C.2026-06-01"
VA,General Dynamics Information Technology,2026-06-01,102,General Dynamics Information Technology2026-06-01
VA,General Dynamics Information Technology ,2026-06-01,133,General Dynamics Information Technology 2026-06-01
CA,"HealthCare Partners Medical Group, P.C.",2026-06-01,2,"HealthCare Partners Medical Group, P.C.2026-06-01"
CA,"Optum Care, Inc.",2026-06-01,1,"Optum Care, Inc.2026-06-01"
CA,"Bylt, LLC",2026-06-01,67,"Bylt, LLC2026-06-01"
CA,"HealthCare Partners Medical Group, P.C.",2026-06-01,4,"HealthCare Partners Medical Group, P.C.2026-06-01"
NY,"SDH Education West, LLC d/b/a Sodexo - Binghamton University",2026-05-31,144,"SDH Education West, LLC d/b/a Sodexo - Binghamton University2026-05-31"
NY,The Rockefeller University Hospital,2026-05-31,41,The Rockefeller University Hospital2026-05-31
NY,The Coca-Cola Company,2026-05-31,41,The Coca-Cola Company2026-05-31
NY,"AVI Foodsystems, Inc.",2026-05-31,45,"AVI Foodsystems, Inc.2026-05-31"
NY,"SDH Education West, LLC d/b/a Sodexo - Binghamton University",2026-05-31,542,"SDH Education West, LLC d/b/a Sodexo - Binghamton University2026-05-31"
NY,"SDH Education West, LLC d/b/a Sodexo - Binghamton University",2026-05-31,3,"SDH Education West, LLC d/b/a Sodexo - Binghamton University2026-05-31"
NY,Amazon (Western),2026-05-30,542,Amazon (Western)2026-05-30
NJ,MarketSource,2026-05-30,57,MarketSource2026-05-30
CA,Blue Shield of California,2026-05-29,8,Blue Shield of California2026-05-29
WA,Maverick Washington LLC Silver Dollar Mill Creek Casino,2026-05-29,N/A,Maverick Washington LLC Silver Dollar Mill Creek Casino2026-05-29
CA,Blue Shield of California,2026-05-29,4,Blue Shield of California2026-05-29
CA,Blue Shield of California,2026-05-29,9,Blue Shield of California2026-05-29
FL,"Maersk 
7101 North West 32nd Avenue

MIAMI, FL, 33147",2026-05-29,56,"Maersk 
7101 North West 32nd Avenue

MIAMI, FL, 331472026-05-29"
CA,Blue Shield of California,2026-05-29,12,Blue Shield of California2026-05-29
FL,"Rifle, LLC 
133 Atlantic Drive

MAITLAND, FL, 32751",2026-05-29,74,"Rifle, LLC 
133 Atlantic Drive

MAITLAND, FL, 327512026-05-29"
CA,"Sunrise Brands, Warehousing Facility LLC",2026-05-29,83,"Sunrise Brands, Warehousing Facility LLC2026-05-29"
NY,Tourmaline Bio Inc.,2026-05-29,60,Tourmaline Bio Inc.2026-05-29
CA,Blue Shield of California,2026-05-29,24,Blue Shield of California2026-05-29
CA,Blue Shield of California (Building B),2026-05-29,5,Blue Shield of California (Building B)2026-05-29
CA,Blue Shield of California (Building C),2026-05-29,4,Blue Shield of California (Building C)2026-05-29
CA,"NYDJ Apparel, LLC",2026-05-29,2,"NYDJ Apparel, LLC2026-05-29"
SC,KPR US LLC,2026-05-29,23,KPR US LLC2026-05-29
CA,"Tricor Industrial, Inc DBA Astrolite Alloys",2026-05-29,6,"Tricor Industrial, Inc DBA Astrolite Alloys2026-05-29"
CA,Blue Shield of California,2026-05-29,3,Blue Shield of California2026-05-29
CA,Centria Autism,2026-05-29,48,Centria Autism2026-05-29
WA,Maverick Washington LLC Crazy Moose Mountlake Casino,2026-05-29,N/A,Maverick Washington LLC Crazy Moose Mountlake Casino2026-05-29
CA,Acumen LLC & The SPHERE,2026-05-28,11,Acumen LLC & The SPHERE2026-05-28
NY,"IPIC Theaters, LLC.",2026-05-28,58,"IPIC Theaters, LLC.2026-05-28"
NJ,IPIC Theaters,2026-05-28,97,IPIC Theaters2026-05-28
VT,Franklin Foods,2026-05-28,99,Franklin Foods2026-05-28
CA,Acumen LLC & The SPHERE,2026-05-28,58,Acumen LLC & The SPHERE2026-05-28
NY,Morgan Stanley,2026-05-27,82,Morgan Stanley2026-05-27
AZ,Honeywell AZ0Y,2026-05-27,N/A,Honeywell AZ0Y2026-05-27
CA,"Trifecta JLS, Inc./Plank",2026-05-27,70,"Trifecta JLS, Inc./Plank2026-05-27"
PA,Lineage Logistics,2026-05-27,208,Lineage Logistics2026-05-27
OR,PacificSource Hood River,2026-05-27,N/A,PacificSource Hood River2026-05-27
OR,PacificSource - Salem,2026-05-27,N/A,PacificSource - Salem2026-05-27
OR,PacificSource - Portland,2026-05-27,N/A,PacificSource - Portland2026-05-27
OR,PacificSource - Bend,2026-05-27,N/A,PacificSource - Bend2026-05-27
OR,PacificSource,2026-05-27,N/A,PacificSource2026-05-27
NY,Morgan Stanley,2026-05-27,7,Morgan Stanley2026-05-27
NY,Morgan Stanley,2026-05-27,1,Morgan Stanley2026-05-27
NY,Morgan Stanley,2026-05-27,2,Morgan Stanley2026-05-27
NY,Morgan Stanley,2026-05-27,1,Morgan Stanley2026-05-27
NY,Morgan Stanley,2026-05-27,61,Morgan Stanley2026-05-27
NY,Morgan Stanley,2026-05-27,120,Morgan Stanley2026-05-27
TN,"Shimmick Construction Company, Inc.",2026-05-26,N/A,"Shimmick Construction Company, Inc.2026-05-26"
CA,"Transdev Services, Inc.",2026-05-26,84,"Transdev Services, Inc.2026-05-26"
WA,"Servatron, Inc.",2026-05-26,N/A,"Servatron, Inc.2026-05-26"
TN,Dura-Shiloh,2026-05-26,N/A,Dura-Shiloh2026-05-26
IA,Wells Fargo,2026-05-26,N/A,Wells Fargo2026-05-26
OR,Safeway Store 0378 - Newport,2026-05-26,N/A,Safeway Store 0378 - Newport2026-05-26
NY,VanDeMark Chemical Inc.,2026-05-25,0,VanDeMark Chemical Inc.2026-05-25
CA,"CHW Entertainment, Inc. dba The Shout! House and Garage",2026-05-25,77,"CHW Entertainment, Inc. dba The Shout! House and Garage2026-05-25"
CA,KBR Services LLC,2026-05-24,650,KBR Services LLC2026-05-24
PA,Liberty Home Choices,2026-05-24,615,Liberty Home Choices2026-05-24
CA,"Meta Platforms, Inc.",2026-05-22,81,"Meta Platforms, Inc.2026-05-22"
CA,"Meta Platforms, Inc.",2026-05-22,338,"Meta Platforms, Inc.2026-05-22"
CA,"Meta Platforms, Inc.",2026-05-22,252,"Meta Platforms, Inc.2026-05-22"
CA,"Meta Platforms, Inc.",2026-05-22,74,"Meta Platforms, Inc.2026-05-22"
CA,"Meta Platforms, Inc.",2026-05-22,2212,"Meta Platforms, Inc.2026-05-22"
CA,"Meta Platforms, Inc.",2026-05-22,313,"Meta Platforms, Inc.2026-05-22"
VA,80 Acres Farms,2026-05-22,80,80 Acres Farms2026-05-22
WA,"Meta Platforms, Inc",2026-05-22,N/A,"Meta Platforms, Inc2026-05-22"
NE,WK Kellogg Co,2026-05-22,451,WK Kellogg Co2026-05-22
NY,Rising Ground Inc.,2026-05-21,29,Rising Ground Inc.2026-05-21
NY,Rising Ground Inc.,2026-05-21,27,Rising Ground Inc.2026-05-21
WA,"Republic National Distributing Company, LLC",2026-05-21,N/A,"Republic National Distributing Company, LLC2026-05-21"
WA,"Genie Industries, Inc. / Terex USA, LLC",2026-05-21,N/A,"Genie Industries, Inc. / Terex USA, LLC2026-05-21"
NY,Rising Ground Inc.,2026-05-21,24,Rising Ground Inc.2026-05-21
NY,Rising Ground Inc.,2026-05-21,43,Rising Ground Inc.2026-05-21
IA,"Rhiners' Plumbing Co, Inc",2026-05-21,N/A,"Rhiners' Plumbing Co, Inc2026-05-21"
NY,Rising Ground Inc.,2026-05-21,17,Rising Ground Inc.2026-05-21
VA,Bingham &amp; Taylor,2026-05-21,92,Bingham &amp; Taylor2026-05-21
NY,Rising Ground Inc.,2026-05-21,15,Rising Ground Inc.2026-05-21
NY,Rising Ground Inc.,2026-05-21,29,Rising Ground Inc.2026-05-21
NY,Rising Ground Inc.,2026-05-21,68,Rising Ground Inc.2026-05-21
NY,Rising Ground Inc.,2026-05-21,5,Rising Ground Inc.2026-05-21
HI,SODEXO,2026-05-20,N/A,SODEXO2026-05-20
HI,"HC&D, LLC",2026-05-20,N/A,"HC&D, LLC2026-05-20"
WA,"Flagship Facilities Services, LLC",2026-05-20,N/A,"Flagship Facilities Services, LLC2026-05-20"
CA,"NetApp, Inc.",2026-05-20,77,"NetApp, Inc.2026-05-20"
CA,Intuit Inc.,2026-05-20,277,Intuit Inc.2026-05-20
CA,Intuit Inc.,2026-05-20,90,Intuit Inc.2026-05-20
CA,"Flagship Facilities Services, LLC",2026-05-20,178,"Flagship Facilities Services, LLC2026-05-20"
CA,"Credit Karma, LLC",2026-05-20,117,"Credit Karma, LLC2026-05-20"
CA,Intuit Inc.,2026-05-20,493,Intuit Inc.2026-05-20
PA,"PharmaCann, Inc.",2026-05-20,60,"PharmaCann, Inc.2026-05-20"
CA,Intuit Inc.,2026-05-20,50,Intuit Inc.2026-05-20
CA,Alliance (Virgil Roberts),2026-05-19,1,Alliance (Virgil Roberts)2026-05-19
CA,Alliance (Marine - Innovation),2026-05-19,6,Alliance (Marine - Innovation)2026-05-19
CA,Alliance (Dr. Olga Mohan),2026-05-19,6,Alliance (Dr. Olga Mohan)2026-05-19
CA,Alliance (Patti & Peter Neuwirth),2026-05-19,2,Alliance (Patti & Peter Neuwirth)2026-05-19
CA,Alliance (Ouchi-O Donovan),2026-05-19,2,Alliance (Ouchi-O Donovan)2026-05-19
CA,Alliance (Leichtman-Levine Family),2026-05-19,12,Alliance (Leichtman-Levine Family)2026-05-19
CA,Alliance (Cindy & Bill Simon),2026-05-19,5,Alliance (Cindy & Bill Simon)2026-05-19
CA,Alliance (Jack H. Skirball),2026-05-19,4,Alliance (Jack H. Skirball)2026-05-19
CA,Alliance (Susan and Eric Smidt),2026-05-19,4,Alliance (Susan and Eric Smidt)2026-05-19
CA,Alliance (Ted K. Tajima),2026-05-19,3,Alliance (Ted K. Tajima)2026-05-19
CA,Alliance (College-Ready Public Schools),2026-05-19,5,Alliance (College-Ready Public Schools)2026-05-19
CA,Alliance (Kory Hunter),2026-05-19,2,Alliance (Kory Hunter)2026-05-19
SD,Republic National Distributing Company,2026-05-19,53,Republic National Distributing Company2026-05-19
IN,"Eclipse Advantage, LLC",2026-05-19,21,"Eclipse Advantage, LLC2026-05-19"
NJ,AT&T,2026-05-19,75,AT&T2026-05-19
CA,Alliance (Piera Barbaglia Shaheen Health),2026-05-19,4,Alliance (Piera Barbaglia Shaheen Health)2026-05-19
CA,Alliance (College-Ready Middle),2026-05-19,2,Alliance (College-Ready Middle)2026-05-19
CA,Alliance (Collins Family College),2026-05-19,2,Alliance (Collins Family College)2026-05-19
CA,Alliance (Margaret M. Bloomfield),2026-05-19,1,Alliance (Margaret M. Bloomfield)2026-05-19
CA,AbbVie Inc.,2026-05-19,85,AbbVie Inc.2026-05-19
CA,Canteen Vending Services,2026-05-19,110,Canteen Vending Services2026-05-19
CA,Alliance (Gertz-Ressler),2026-05-19,1,Alliance (Gertz-Ressler)2026-05-19
CA,TeamOne,2026-05-18,725,TeamOne2026-05-18
VA,Parkhurst Dining LLC,2026-05-18,65,Parkhurst Dining LLC2026-05-18
CA,"Eclipse Advantage, LLC",2026-05-18,6,"Eclipse Advantage, LLC2026-05-18"
OR,Eugene Facility,2026-05-18,N/A,Eugene Facility2026-05-18
NE,Republic National Distributing Co,2026-05-18,87,Republic National Distributing Co2026-05-18
OR,Bend Depot Facility,2026-05-18,N/A,Bend Depot Facility2026-05-18
CA,"National Distribution Centers, LLC (19688 Van Ness Ave)",2026-05-18,1,"National Distribution Centers, LLC (19688 Van Ness Ave)2026-05-18"
CA,"National Distribution Centers, LLC (19788 Van Ness Ave)",2026-05-18,89,"National Distribution Centers, LLC (19788 Van Ness Ave)2026-05-18"
CA,"Telecare Corproation - Stonehenge, Program 165 &quot;Casa E&quot;",2026-05-18,18,"Telecare Corproation - Stonehenge, Program 165 &quot;Casa E&quot;2026-05-18"
CA,"Telecare Corporation - Recovery Starship, Program 164 &quot;Casa D&quot;",2026-05-18,18,"Telecare Corporation - Recovery Starship, Program 164 &quot;Casa D&quot;2026-05-18"
CA,"Telecare Corporation - House of Transitions, Program 163 &quot;Casa C&quot;",2026-05-18,15,"Telecare Corporation - House of Transitions, Program 163 &quot;Casa C&quot;2026-05-18"
CA,"Telecare Corporation - Brighter Tomorrow, Program 162 &quot;Casa B&quot;",2026-05-18,25,"Telecare Corporation - Brighter Tomorrow, Program 162 &quot;Casa B&quot;2026-05-18"
NY,McKesson,2026-05-18,78,McKesson2026-05-18
OR,Oregon - Remote Employees,2026-05-18,N/A,Oregon - Remote Employees2026-05-18
OR,Portland Facility,2026-05-18,N/A,Portland Facility2026-05-18
CA,"NBC Manteca Merchants, Inc.",2026-05-18,68,"NBC Manteca Merchants, Inc.2026-05-18"
OR,Medford Facility,2026-05-18,N/A,Medford Facility2026-05-18
FL,"Mittera 
10301 Busch Drive North

JACKSONVILLE, FL, 32218",2026-05-18,100,"Mittera 
10301 Busch Drive North

JACKSONVILLE, FL, 322182026-05-18"
NJ,Target,2026-05-17,107,Target2026-05-17
FL,"ACL Roofing 
99 S. McCall Rd

ENGLEWOOD, FL, 34223",2026-05-16,65,"ACL Roofing 
99 S. McCall Rd

ENGLEWOOD, FL, 342232026-05-16"
CA,Blue Diamond Growers,2026-05-15,7,Blue Diamond Growers2026-05-15
WA,Starbucks,2026-05-15,N/A,Starbucks2026-05-15
CA,LinkedIn Corporation,2026-05-15,21,LinkedIn Corporation2026-05-15
SC,KPR US LLC,2026-05-15,19,KPR US LLC2026-05-15
CA,"ACT Lighting, Inc.",2026-05-15,9,"ACT Lighting, Inc.2026-05-15"
CA,LinkedIn Corporation,2026-05-15,59,LinkedIn Corporation2026-05-15
CA,LinkedIn Corporation,2026-05-15,108,LinkedIn Corporation2026-05-15
CA,LinkedIn Corporation,2026-05-15,352,LinkedIn Corporation2026-05-15
CA,LinkedIn Corporation (Home Office),2026-05-15,66,LinkedIn Corporation (Home Office)2026-05-15
NJ,Scudetto Logistics,2026-05-14,120,Scudetto Logistics2026-05-14
TN,"Greenbean Ventures, LLC",2026-05-14,N/A,"Greenbean Ventures, LLC2026-05-14"
TN,Tsubaki Nakashima,2026-05-14,N/A,Tsubaki Nakashima2026-05-14
IA,UnityPoint Health ,2026-05-14,N/A,UnityPoint Health 2026-05-14
NY,"Main Street Sports Group, LLC",2026-05-14,66,"Main Street Sports Group, LLC2026-05-14"
AZ,"SDH Education West, LLC",2026-05-14,489,"SDH Education West, LLC2026-05-14"
OR,Coburg Facility,2026-05-13,N/A,Coburg Facility2026-05-13
CA,Liberty Healthcare Corporation,2026-05-13,113,Liberty Healthcare Corporation2026-05-13
CA,Boys & Girls Club of the LA Harbor - Banning High,2026-05-13,5,Boys & Girls Club of the LA Harbor - Banning High2026-05-13
CA,PET CLUB,2026-05-13,6,PET CLUB2026-05-13
CA,Boys & Girls Club at the LA Harbor - Narbonne High School,2026-05-13,2,Boys & Girls Club at the LA Harbor - Narbonne High School2026-05-13
CA,Boys & Girls Club of the LA Harbor - Park Western Elementary,2026-05-13,8,Boys & Girls Club of the LA Harbor - Park Western Elementary2026-05-13
CA,Boys & Girls Club of LA Harbor - Harry Bridges Span School,2026-05-13,3,Boys & Girls Club of LA Harbor - Harry Bridges Span School2026-05-13
CA,Boys & Girls Club of the LA Harbor - Wilmington Club,2026-05-13,3,Boys & Girls Club of the LA Harbor - Wilmington Club2026-05-13
CA,Boys & Girls Club of LA Harbor - Wilmington Park ES,2026-05-13,3,Boys & Girls Club of LA Harbor - Wilmington Park ES2026-05-13
CA,Boys & Girls Club of the LA Harbor - Barton Hill Elementary,2026-05-13,3,Boys & Girls Club of the LA Harbor - Barton Hill Elementary2026-05-13
CA,Boys & Girls Club of the LA Harbor - Dana Middle School,2026-05-13,3,Boys & Girls Club of the LA Harbor - Dana Middle School2026-05-13
CA,Boys & Girls Club of the LA Harbor - Gulf Ave Elementary,2026-05-13,1,Boys & Girls Club of the LA Harbor - Gulf Ave Elementary2026-05-13
CA,Durham School Services,2026-05-13,51,Durham School Services2026-05-13
CA,Boys & Girls Club of LA Harbor - Point Fermin Elementary,2026-05-13,5,Boys & Girls Club of LA Harbor - Point Fermin Elementary2026-05-13
CA,Boys and Girls Club of the LA Harbor - Fries Ave Elementary,2026-05-13,4,Boys and Girls Club of the LA Harbor - Fries Ave Elementary2026-05-13
CA,Boys & Girls Club of the LA Harbor - South Shores Elementary,2026-05-13,3,Boys & Girls Club of the LA Harbor - South Shores Elementary2026-05-13
CA,Boys & Girls Club of the LA Harbor - Taper Ave. Elementary,2026-05-13,8,Boys & Girls Club of the LA Harbor - Taper Ave. Elementary2026-05-13
CA,Boy& Girls Club of the LA Harbor - White Point Elementary,2026-05-13,5,Boy& Girls Club of the LA Harbor - White Point Elementary2026-05-13
CA,Boys & Girls Club of the La Harbor - Cheryl Green/Torrance Club,2026-05-13,1,Boys & Girls Club of the La Harbor - Cheryl Green/Torrance Club2026-05-13
CA,Boys & Girls Club of the LA Harbor - Environmental Charter MS,2026-05-13,4,Boys & Girls Club of the LA Harbor - Environmental Charter MS2026-05-13
CA,Boys & Girls Club of the LA Harbor - Fleming Middle School,2026-05-13,7,Boys & Girls Club of the LA Harbor - Fleming Middle School2026-05-13
CA,Boys &Girls Club of the La Harbor - Harbor City Elementary School,2026-05-13,10,Boys &Girls Club of the La Harbor - Harbor City Elementary School2026-05-13
CA,Boys & Girls Club of the LA Harbor - Harbor Teacher Prep Academy,2026-05-13,7,Boys & Girls Club of the LA Harbor - Harbor Teacher Prep Academy2026-05-13
IA,Wells Fargo,2026-05-12,N/A,Wells Fargo2026-05-12
VA,Diamond Transportation Services Inc. ,2026-05-12,144,Diamond Transportation Services Inc. 2026-05-12
NY,"Mizkan America, Inc.",2026-05-11,30,"Mizkan America, Inc.2026-05-11"
VA,Hilex Poly Co. LLC,2026-05-11,117,Hilex Poly Co. LLC2026-05-11
NJ,Saks & Company,2026-05-11,58,Saks & Company2026-05-11
CA,"National Distribution Centers, LLC",2026-05-11,50,"National Distribution Centers, LLC2026-05-11"
PA,"Bowhead Logistics Management, LLC",2026-05-10,307,"Bowhead Logistics Management, LLC2026-05-10"
NY,"WP Company, LLC",2026-05-08,47,"WP Company, LLC2026-05-08"
CA,"Reyes Coca-Cola Bottling, L.L.C.",2026-05-08,85,"Reyes Coca-Cola Bottling, L.L.C.2026-05-08"
WA,Starbucks,2026-05-08,N/A,Starbucks2026-05-08
HI,Pharmerica,2026-05-07,N/A,Pharmerica2026-05-07
SC,Charter Communications,2026-05-07,62,Charter Communications2026-05-07
FL,"Stryker Employment Services 
5307 Great Oak Drive

LAKELAND, FL, 33815",2026-05-07,2,"Stryker Employment Services 
5307 Great Oak Drive

LAKELAND, FL, 338152026-05-07"
CA,Alain LeRoyLocke College Preparatory Academy (Green Dot Public Schools),2026-05-07,113,Alain LeRoyLocke College Preparatory Academy (Green Dot Public Schools)2026-05-07
CA,GladUDid LLC (Chick-fil-A),2026-05-07,98,GladUDid LLC (Chick-fil-A)2026-05-07
CA,"Fresh Venture Foods, LLC",2026-05-07,185,"Fresh Venture Foods, LLC2026-05-07"
CA,"Cloudflare, Inc.",2026-05-07,224,"Cloudflare, Inc.2026-05-07"
WA,Novanta Corporation,2026-05-07,N/A,Novanta Corporation2026-05-07
CA,"Mercedes-Benz Research & Development North America, Inc.",2026-05-07,72,"Mercedes-Benz Research & Development North America, Inc.2026-05-07"
CA,"Kidango, Inc. - Skyway Office",2026-05-06,59,"Kidango, Inc. - Skyway Office2026-05-06"
NY,Liberty Dental Plan Corporation,2026-05-06,2,Liberty Dental Plan Corporation2026-05-06
CA,"Kidango, Inc. - CCELC Center",2026-05-06,6,"Kidango, Inc. - CCELC Center2026-05-06"
CA,"Kidango, Inc. - Peixoto Center",2026-05-06,6,"Kidango, Inc. - Peixoto Center2026-05-06"
CA,"Kidango, Inc. - Castlemont Center",2026-05-06,2,"Kidango, Inc. - Castlemont Center2026-05-06"
FL,"Maximus Global Services 
Fort Lauderdale-Hollywood International Airport              100 Terminal Dr,

FORT LAUDERDALE, FL, 33315",2026-05-06,123,"Maximus Global Services 
Fort Lauderdale-Hollywood International Airport              100 Terminal Dr,

FORT LAUDERDALE, FL, 333152026-05-06"
NY,"Elevate NY, LLC.",2026-05-06,99,"Elevate NY, LLC.2026-05-06"
FL,"Areas USA MCO, LLC (GastroHub-Orlando International Airport) 
One Airport Blvd

ORLANDO, FL, 32827",2026-05-06,101,"Areas USA MCO, LLC (GastroHub-Orlando International Airport) 
One Airport Blvd

ORLANDO, FL, 328272026-05-06"
CA,"FM Restaurants HQ, LLC",2026-05-06,56,"FM Restaurants HQ, LLC2026-05-06"
CA,"Eclipse Advantage, LLC",2026-05-06,10,"Eclipse Advantage, LLC2026-05-06"
CA,"Streamland Media Midco, LLC",2026-05-06,71,"Streamland Media Midco, LLC2026-05-06"
TN,"The Brand House Collective, Inc.",2026-05-05,N/A,"The Brand House Collective, Inc.2026-05-05"
FL,"Spirit Airlines 
Spirit Support Center
1731 Radiant Drive Dania Beach
DANIA BEACH, FL, 33004",2026-05-04,551,"Spirit Airlines 
Spirit Support Center
1731 Radiant Drive Dania Beach
DANIA BEACH, FL, 330042026-05-04"
FL,"Spirit Airlines 
Miami International Airport (MIA)
2100 NW 42nd Ave, Miami
MIAMI, FL, 33142",2026-05-04,181,"Spirit Airlines 
Miami International Airport (MIA)
2100 NW 42nd Ave, Miami
MIAMI, FL, 331422026-05-04"
CT,Stanley Black and Decker,2026-05-04,N/A,Stanley Black and Decker2026-05-04
OK,Arvest Bank,2026-05-04,N/A,Arvest Bank2026-05-04
FL,"Spirit Airlines 
MCO Infight & Operations Center (OOC)
10084 Air Tran Blvd Orlando
ORLANDO, FL, 32827",2026-05-04,796,"Spirit Airlines 
MCO Infight & Operations Center (OOC)
10084 Air Tran Blvd Orlando
ORLANDO, FL, 328272026-05-04"
VA,LumLiq2 LLC d/b/a Lumber Liquidators ,2026-05-04,64,LumLiq2 LLC d/b/a Lumber Liquidators 2026-05-04
FL,"Spirit Airlines 
Orlando International Airport (MCO)
1 Jeff Fuqua Blvd, Orlando
ORLANDO, FL, 32827",2026-05-04,796,"Spirit Airlines 
Orlando International Airport (MCO)
1 Jeff Fuqua Blvd, Orlando
ORLANDO, FL, 328272026-05-04"
TN,Fayette County Public Schools,2026-05-04,N/A,Fayette County Public Schools2026-05-04
NJ,Saks & Company,2026-05-04,69,Saks & Company2026-05-04
FL,"Spirit Airlines 
Fort Lauderdale-Hollywood International Airport (FLL)
100 Terminal Dr, Fort Lauderdale
FORT LAUDERDALE, FL, 33315",2026-05-04,2529,"Spirit Airlines 
Fort Lauderdale-Hollywood International Airport (FLL)
100 Terminal Dr, Fort Lauderdale
FORT LAUDERDALE, FL, 333152026-05-04"
PA,Pittsburgh Post-Gazette,2026-05-04,171,Pittsburgh Post-Gazette2026-05-04
CA,Zenlen Inc. (Native),2026-05-04,53,Zenlen Inc. (Native)2026-05-04
CA,Five Guys Operations - Store No. 1795,2026-05-03,14,Five Guys Operations - Store No. 17952026-05-03
NJ,JP Morgan Chase,2026-05-03,120,JP Morgan Chase2026-05-03
CA,Five Guys Operations - Store No. 1323,2026-05-03,13,Five Guys Operations - Store No. 13232026-05-03
NY,Cazar Logistics,2026-05-03,37,Cazar Logistics2026-05-03
NJ,Spirit Airlines,2026-05-02,201,Spirit Airlines2026-05-02
PA,Federal Express Corporation,2026-05-02,63,Federal Express Corporation2026-05-02
NY,"Spirit Airlines, LLC",2026-05-02,186,"Spirit Airlines, LLC2026-05-02"
WA,Maersk,2026-05-01,N/A,Maersk2026-05-01
IN,Cummins Inc,2026-05-01,59,Cummins Inc2026-05-01
NJ,Walmart,2026-05-01,100,Walmart2026-05-01
WA,Maersk,2026-05-01,N/A,Maersk2026-05-01
KS,First Student,2026-05-01,151,First Student2026-05-01
CA,"CAT Restaurant Management, LLC",2026-05-01,57,"CAT Restaurant Management, LLC2026-05-01"
VA,Ideal US Talent Worker OpCo LLC,2026-05-01,776,Ideal US Talent Worker OpCo LLC2026-05-01
CA,Stepping Stone,2026-05-01,8,Stepping Stone2026-05-01
CA,First Student,2026-05-01,170,First Student2026-05-01
NY,Saks & Company LLC,2026-05-01,24,Saks & Company LLC2026-05-01
SC,"Parsec, LLC",2026-05-01,39,"Parsec, LLC2026-05-01"
RI,Ideal US Talent Systems Worker OpCo LLC ,2026-05-01,98912,Ideal US Talent Systems Worker OpCo LLC 2026-05-01
NY,Saks & Company LLC,2026-05-01,3,Saks & Company LLC2026-05-01
NY,Saks & Company LLC,2026-05-01,2,Saks & Company LLC2026-05-01
CA,"Bayless Manufacturing, LLC",2026-05-01,43,"Bayless Manufacturing, LLC2026-05-01"
NY,Saks & Company LLC,2026-05-01,8,Saks & Company LLC2026-05-01
NY,Saks & Company LLC,2026-05-01,136,Saks & Company LLC2026-05-01
CA,"Bayless Manufacturing, LLC",2026-05-01,3,"Bayless Manufacturing, LLC2026-05-01"
CA,"Bayless Manufacturing, LLC",2026-05-01,16,"Bayless Manufacturing, LLC2026-05-01"
VA,KBR Wyle Services LLC,2026-05-01,118,KBR Wyle Services LLC2026-05-01
PA,"Post Consumer Brands, LLC",2026-05-01,11,"Post Consumer Brands, LLC2026-05-01"
NY,"Knight Facilities Management, Inc.",2026-04-30,1,"Knight Facilities Management, Inc.2026-04-30"
NY,"Knight Facilities Management, Inc.",2026-04-30,2,"Knight Facilities Management, Inc.2026-04-30"
NY,"Knight Facilities Management, Inc.",2026-04-30,1,"Knight Facilities Management, Inc.2026-04-30"
NY,"Knight Facilities Management, Inc.",2026-04-30,0,"Knight Facilities Management, Inc.2026-04-30"
NY,"Knight Facilities Management, Inc.",2026-04-30,2,"Knight Facilities Management, Inc.2026-04-30"
NY,"Knight Facilities Management, Inc.",2026-04-30,2,"Knight Facilities Management, Inc.2026-04-30"
NY,"Knight Facilities Management, Inc.",2026-04-30,1,"Knight Facilities Management, Inc.2026-04-30"
CA,Manteca District Ambulance Service - Jamestown,2026-04-30,6,Manteca District Ambulance Service - Jamestown2026-04-30
NY,"Knight Facilities Management, Inc.",2026-04-30,1,"Knight Facilities Management, Inc.2026-04-30"
NY,"Knight Facilities Management, Inc.",2026-04-30,2,"Knight Facilities Management, Inc.2026-04-30"
NY,"Knight Facilities Management, Inc.",2026-04-30,2,"Knight Facilities Management, Inc.2026-04-30"
NY,"Knight Facilities Management, Inc.",2026-04-30,1,"Knight Facilities Management, Inc.2026-04-30"
NY,"Knight Facilities Management, Inc.",2026-04-30,2,"Knight Facilities Management, Inc.2026-04-30"
NY,"Knight Facilities Management, Inc.",2026-04-30,2,"Knight Facilities Management, Inc.2026-04-30"
NY,"Knight Facilities Management, Inc.",2026-04-30,1,"Knight Facilities Management, Inc.2026-04-30"
NY,"Knight Facilities Management, Inc.",2026-04-30,2,"Knight Facilities Management, Inc.2026-04-30"
NY,"Knight Facilities Management, Inc.",2026-04-30,1,"Knight Facilities Management, Inc.2026-04-30"
NY,"Knight Facilities Management, Inc.",2026-04-30,1,"Knight Facilities Management, Inc.2026-04-30"
NY,"Knight Facilities Management, Inc.",2026-04-30,1,"Knight Facilities Management, Inc.2026-04-30"
NY,"Knight Facilities Management, Inc.",2026-04-30,2,"Knight Facilities Management, Inc.2026-04-30"
NY,"Knight Facilities Management, Inc.",2026-04-30,0,"Knight Facilities Management, Inc.2026-04-30"
NY,"Knight Facilities Management, Inc.",2026-04-30,1,"Knight Facilities Management, Inc.2026-04-30"
NY,"Knight Facilities Management, Inc.",2026-04-30,2,"Knight Facilities Management, Inc.2026-04-30"
NY,"Knight Facilities Management, Inc.",2026-04-30,2,"Knight Facilities Management, Inc.2026-04-30"
CA,Propark Mobility,2026-04-30,123,Propark Mobility2026-04-30
DE,"Atlas Hospitality Group, LLC",2026-04-30,67,"Atlas Hospitality Group, LLC2026-04-30"
PA,"Bush Industries, Inc.",2026-04-30,51,"Bush Industries, Inc.2026-04-30"
NY,Bush Industries Inc. d/b/a eSolutions Group,2026-04-30,237,Bush Industries Inc. d/b/a eSolutions Group2026-04-30
NY,"BMC Benchmark Management Company, LLC. (Edith Macy Center Hotel)",2026-04-30,49,"BMC Benchmark Management Company, LLC. (Edith Macy Center Hotel)2026-04-30"
CA,Brite Horizons Nonpublic School (Abrite),2026-04-30,59,Brite Horizons Nonpublic School (Abrite)2026-04-30
CA,"Gilead Sciences, Inc.",2026-04-30,108,"Gilead Sciences, Inc.2026-04-30"
NY,"Knight Facilities Management, Inc.",2026-04-30,2,"Knight Facilities Management, Inc.2026-04-30"
CA,Children's Institute Inc.,2026-04-30,47,Children's Institute Inc.2026-04-30
NY,"Knight Facilities Management, Inc.",2026-04-30,2,"Knight Facilities Management, Inc.2026-04-30"
NY,"Knight Facilities Management, Inc.",2026-04-30,0,"Knight Facilities Management, Inc.2026-04-30"
NY,"Knight Facilities Management, Inc.",2026-04-30,2,"Knight Facilities Management, Inc.2026-04-30"
NY,"Knight Facilities Management, Inc.",2026-04-30,2,"Knight Facilities Management, Inc.2026-04-30"
NY,"Knight Facilities Management, Inc.",2026-04-30,1,"Knight Facilities Management, Inc.2026-04-30"
NY,"Knight Facilities Management, Inc.",2026-04-30,1,"Knight Facilities Management, Inc.2026-04-30"
NY,"Knight Facilities Management, Inc.",2026-04-30,1,"Knight Facilities Management, Inc.2026-04-30"
NY,"Knight Facilities Management, Inc.",2026-04-30,1,"Knight Facilities Management, Inc.2026-04-30"
NY,"Knight Facilities Management, Inc.",2026-04-30,1,"Knight Facilities Management, Inc.2026-04-30"
NY,"Knight Facilities Management, Inc.",2026-04-30,1,"Knight Facilities Management, Inc.2026-04-30"
NY,"Knight Facilities Management, Inc.",2026-04-30,2,"Knight Facilities Management, Inc.2026-04-30"
NY,"Knight Facilities Management, Inc.",2026-04-30,3,"Knight Facilities Management, Inc.2026-04-30"
NY,"Knight Facilities Management, Inc.",2026-04-30,2,"Knight Facilities Management, Inc.2026-04-30"
NY,"Knight Facilities Management, Inc.",2026-04-30,2,"Knight Facilities Management, Inc.2026-04-30"
NY,"Knight Facilities Management, Inc.",2026-04-30,2,"Knight Facilities Management, Inc.2026-04-30"
NY,Krispy Kreme Doughnut Corporation,2026-04-30,52,Krispy Kreme Doughnut Corporation2026-04-30
NY,Pinnacle Managing Co LLC,2026-04-30,64,Pinnacle Managing Co LLC2026-04-30
NY,"Knight Facilities Management, Inc.",2026-04-30,2,"Knight Facilities Management, Inc.2026-04-30"
NY,"Knight Facilities Management, Inc.",2026-04-30,1,"Knight Facilities Management, Inc.2026-04-30"
NY,"Knight Facilities Management, Inc.",2026-04-30,3,"Knight Facilities Management, Inc.2026-04-30"
NY,"Knight Facilities Management, Inc.",2026-04-30,1,"Knight Facilities Management, Inc.2026-04-30"
NY,"Knight Facilities Management, Inc.",2026-04-30,2,"Knight Facilities Management, Inc.2026-04-30"
NY,"Knight Facilities Management, Inc.",2026-04-30,2,"Knight Facilities Management, Inc.2026-04-30"
CA,Altura Management Services,2026-04-30,113,Altura Management Services2026-04-30
CA,Five Guys Operations,2026-04-30,15,Five Guys Operations2026-04-30
NY,"Knight Facilities Management, Inc.",2026-04-30,2,"Knight Facilities Management, Inc.2026-04-30"
CA,Manteca District Ambulance Service - Striker Court,2026-04-30,18,Manteca District Ambulance Service - Striker Court2026-04-30
CA,Manteca District Ambulance Service,2026-04-30,6,Manteca District Ambulance Service2026-04-30
IN,CICOA Aging & In-Home Solutions,2026-04-30,90,CICOA Aging & In-Home Solutions2026-04-30
CA,Manteca District Ambulance Service - Hwy 49,2026-04-30,6,Manteca District Ambulance Service - Hwy 492026-04-30
CA,Manteca District Ambulance Service - Powder House,2026-04-30,6,Manteca District Ambulance Service - Powder House2026-04-30
NY,"Knight Facilities Management, Inc.",2026-04-30,2,"Knight Facilities Management, Inc.2026-04-30"
NY,"Knight Facilities Management, Inc.",2026-04-30,1,"Knight Facilities Management, Inc.2026-04-30"
NY,"Knight Facilities Management, Inc.",2026-04-30,2,"Knight Facilities Management, Inc.2026-04-30"
CA,"Skyline Avatar House, LP",2026-04-29,49,"Skyline Avatar House, LP2026-04-29"
TN,Yanfeng International Automotive Technology US I LLC,2026-04-29,N/A,Yanfeng International Automotive Technology US I LLC2026-04-29
UT,Milestone Technologies Inc.,2026-04-29,50,Milestone Technologies Inc.2026-04-29
AZ,Benchmark,2026-04-29,75,Benchmark2026-04-29
VA,AeroFarms Inc. - Rescinded,2026-04-29,133,AeroFarms Inc. - Rescinded2026-04-29
OR,"Prineville, OR Facility",2026-04-29,N/A,"Prineville, OR Facility2026-04-29"
CA,Transdev,2026-04-29,126,Transdev2026-04-29
CA,Dudek,2026-04-29,36,Dudek2026-04-29
AZ,Northpoint Expeditionary Learning Academy,2026-04-29,N/A,Northpoint Expeditionary Learning Academy2026-04-29
CA,"C&K Market, Inc.",2026-04-29,32,"C&K Market, Inc.2026-04-29"
VA,Milestone Technologies Inc,2026-04-29,50,Milestone Technologies Inc2026-04-29
NY,Amazon (Long Island),2026-04-28,44,Amazon (Long Island)2026-04-28
NY,Amazon (Long Island),2026-04-28,71,Amazon (Long Island)2026-04-28
PA,Amazon Fresh,2026-04-28,983,Amazon Fresh2026-04-28
IA,Wells Fargo,2026-04-28,N/A,Wells Fargo2026-04-28
NJ,Amazon,2026-04-28,N/A,Amazon2026-04-28
NY,"Fresenius USA Manufacturing, Inc.",2026-04-28,56,"Fresenius USA Manufacturing, Inc.2026-04-28"
VT,Perrigo Company,2026-04-28,162,Perrigo Company2026-04-28
FL,"Atento 
3350 SW 148th Avenue
Suite 404
MIRAMAR, FL, 33027",2026-04-28,91,"Atento 
3350 SW 148th Avenue
Suite 404
MIRAMAR, FL, 330272026-04-28"
NY,Amazon,2026-04-28,135,Amazon2026-04-28
CA,"Raytheon, An RTX Business",2026-04-28,1,"Raytheon, An RTX Business2026-04-28"
CA,The Primary School (1765 East Bayshore Rd. Ste. 111),2026-04-28,22,The Primary School (1765 East Bayshore Rd. Ste. 111)2026-04-28
CA,California Academy of Sciences,2026-04-28,53,California Academy of Sciences2026-04-28
CA,The Primary School (2086 Clarke Ave),2026-04-28,100,The Primary School (2086 Clarke Ave)2026-04-28
CA,The Primary School (750 Fargo Ave),2026-04-28,25,The Primary School (750 Fargo Ave)2026-04-28
CA,"Five Guys Operations, LLC",2026-04-28,13,"Five Guys Operations, LLC2026-04-28"
CA,Geodis,2026-04-28,238,Geodis2026-04-28
FL,"Peterson Brands 
9910 Bavaria Rd

FORT MYERS, FL, 33913",2026-04-27,135,"Peterson Brands 
9910 Bavaria Rd

FORT MYERS, FL, 339132026-04-27"
CA,Quixote Studio Services - Sun valley,2026-04-27,4,Quixote Studio Services - Sun valley2026-04-27
CA,The People Concern - Cloverfield,2026-04-27,20,The People Concern - Cloverfield2026-04-27
CA,Quixote Studio Services - West Hollywood,2026-04-27,10,Quixote Studio Services - West Hollywood2026-04-27
CA,Quixote Studio Services - Sylmar South,2026-04-27,3,Quixote Studio Services - Sylmar South2026-04-27
CA,Quixote Studio Services - Sylmar North,2026-04-27,17,Quixote Studio Services - Sylmar North2026-04-27
CA,Quixote Studio Services - Griffith Park,2026-04-27,2,Quixote Studio Services - Griffith Park2026-04-27
CA,Quixote Studio Services - North Valley,2026-04-27,7,Quixote Studio Services - North Valley2026-04-27
CA,Quixote Studio Services - North Valley Campus A,2026-04-27,9,Quixote Studio Services - North Valley Campus A2026-04-27
CA,The People Concern - Nest 2,2026-04-27,15,The People Concern - Nest 22026-04-27
CA,"FreshRealm, Inc.",2026-04-27,228,"FreshRealm, Inc.2026-04-27"
CA,"First Transit, Inc.",2026-04-27,194,"First Transit, Inc.2026-04-27"
CA,Black Tiger Medical Transportation,2026-04-27,82,Black Tiger Medical Transportation2026-04-27
CA,The People Concern - Arlington HQ,2026-04-27,5,The People Concern - Arlington HQ2026-04-27
VA,GXO,2026-04-27,66,GXO2026-04-27
CA,City National Bank,2026-04-27,2,City National Bank2026-04-27
CA,The People Concern - 316 W,2026-04-27,5,The People Concern - 316 W2026-04-27
CA,City National Bank - Flower Street,2026-04-27,1,City National Bank - Flower Street2026-04-27
FL,"Management & Training Corporation 
5168 Ezell Rd

GRACEVILLE, FL, 32440",2026-04-27,259,"Management & Training Corporation 
5168 Ezell Rd

GRACEVILLE, FL, 324402026-04-27"
CA,The People Concern - Admin,2026-04-27,3,The People Concern - Admin2026-04-27
FL,"Msgr. Bryan Walsh Children’s Village 
9525 Sterling Drive

MIAMI, FL, 33157",2026-04-27,84,"Msgr. Bryan Walsh Children’s Village 
9525 Sterling Drive

MIAMI, FL, 331572026-04-27"
FL,"Management & Training Corporation 
5400 Bay Line Dr

PANAMA CITY, FL, 32404",2026-04-27,161,"Management & Training Corporation 
5400 Bay Line Dr

PANAMA CITY, FL, 324042026-04-27"
CA,Veritiv Visual,2026-04-27,46,Veritiv Visual2026-04-27
WA,Jack in the Box,2026-04-27,N/A,Jack in the Box2026-04-27
NJ,Blue Cross Blue Shield of NJ,2026-04-26,242,Blue Cross Blue Shield of NJ2026-04-26
CA,"Lodging Dynamics Hospitality Group, LLC",2026-04-26,42,"Lodging Dynamics Hospitality Group, LLC2026-04-26"
CA,"FM Restaurants HQ, LLC",2026-04-26,43,"FM Restaurants HQ, LLC2026-04-26"
UT,"Bright Planet Solar, Inc.",2026-04-24,60,"Bright Planet Solar, Inc.2026-04-24"
CA,Blue Diamond Growers,2026-04-24,3,Blue Diamond Growers2026-04-24
CA,"Constellation Brands, Inc.",2026-04-24,7,"Constellation Brands, Inc.2026-04-24"
CA,Epic Games Inc.,2026-04-23,16,Epic Games Inc.2026-04-23
CA,Epic Games Inc.,2026-04-23,28,Epic Games Inc.2026-04-23
CA,Epic Games Inc. (Remote Employees in San Francisco),2026-04-23,28,Epic Games Inc. (Remote Employees in San Francisco)2026-04-23
CA,Epic Games Inc. (Remote Employees in El Segundo),2026-04-23,2,Epic Games Inc. (Remote Employees in El Segundo)2026-04-23
CA,Apple Inc.,2026-04-23,57,Apple Inc.2026-04-23
VA,Republic National Distributing Company LLC,2026-04-23,428,Republic National Distributing Company LLC2026-04-23
CA,Epic Games Inc. (Remote Employees in Los Angeles),2026-04-23,61,Epic Games Inc. (Remote Employees in Los Angeles)2026-04-23
AL,LineQuest LLC,2026-04-23,113,LineQuest LLC2026-04-23
HI,"Republic National Distributing Company, LLC (RNDC)",2026-04-23,N/A,"Republic National Distributing Company, LLC (RNDC)2026-04-23"
AZ,"Republic National Distributing Company, LLC",2026-04-23,N/A,"Republic National Distributing Company, LLC2026-04-23"
CA,Joe's Crab Shack,2026-04-22,44,Joe's Crab Shack2026-04-22
CA,Next Stop Logistics Inc.,2026-04-22,80,Next Stop Logistics Inc.2026-04-22
FL,"Republic National Distributing Company 
441 SW 12 Ave

DEERFIELD BEACH, FL, 33442",2026-04-22,363,"Republic National Distributing Company 
441 SW 12 Ave

DEERFIELD BEACH, FL, 334422026-04-22"
FL,"Republic National Distributing Company 
9423 North Main Street

JACKSONVILLE, FL, 32218",2026-04-22,169,"Republic National Distributing Company 
9423 North Main Street

JACKSONVILLE, FL, 322182026-04-22"
FL,"Republic National Distributing Company 
6256 North W Street

PENSACOLA, FL, 32305",2026-04-22,121,"Republic National Distributing Company 
6256 North W Street

PENSACOLA, FL, 323052026-04-22"
FL,"Republic National Distributing Company 
Savarese Circle North

TAMPA, FL, 33634",2026-04-22,393,"Republic National Distributing Company 
Savarese Circle North

TAMPA, FL, 336342026-04-22"
CA,Freudenberg Medical LLC,2026-04-22,80,Freudenberg Medical LLC2026-04-22
CA,Corteva Agriscience LLC,2026-04-21,2,Corteva Agriscience LLC2026-04-21
TN,Adient,2026-04-21,N/A,Adient2026-04-21
CA,City National Bank,2026-04-21,1,City National Bank2026-04-21
VA,Oliver Inc. ,2026-04-21,72,Oliver Inc. 2026-04-21
WA,Maverick Washington LLC / Silver Dollar SeaTac Casino,2026-04-21,N/A,Maverick Washington LLC / Silver Dollar SeaTac Casino2026-04-21
SC,Koppers Inc.,2026-04-21,66,Koppers Inc.2026-04-21
CA,Yanfeng International Automotive Technology,2026-04-20,17,Yanfeng International Automotive Technology2026-04-20
NY,Vimeo.com Inc.,2026-04-20,133,Vimeo.com Inc.2026-04-20
NY,"Citigroup Technology, Inc.",2026-04-18,3,"Citigroup Technology, Inc.2026-04-18"
PA,"Green Leaf Medicals, LLC",2026-04-18,52,"Green Leaf Medicals, LLC2026-04-18"
CA,YMCA Juan Pacifico Ontiveros Elementary School,2026-04-17,10,YMCA Juan Pacifico Ontiveros Elementary School2026-04-17
CA,YMCA Rice Elementary School,2026-04-17,11,YMCA Rice Elementary School2026-04-17
CA,YMCA Liberty Elementary School,2026-04-17,9,YMCA Liberty Elementary School2026-04-17
CA,YMCA Bill Libbon Elementary School,2026-04-17,11,YMCA Bill Libbon Elementary School2026-04-17
CA,YMCA Tommie Kunst Jr. High School,2026-04-17,3,YMCA Tommie Kunst Jr. High School2026-04-17
CA,YMCA Arellanes Junior High,2026-04-17,4,YMCA Arellanes Junior High2026-04-17
CA,YMCA Roberto & Dr. Francisco Jimenez Elementary School,2026-04-17,12,YMCA Roberto & Dr. Francisco Jimenez Elementary School2026-04-17
CA,YMCA Fesler Jr. High School,2026-04-17,3,YMCA Fesler Jr. High School2026-04-17
CA,YMCA Fairlawn Elementary School,2026-04-17,6,YMCA Fairlawn Elementary School2026-04-17
CA,YMCA El Camino Jr. High School,2026-04-17,3,YMCA El Camino Jr. High School2026-04-17
CA,YMCA Robert Bruce Elementary School,2026-04-17,8,YMCA Robert Bruce Elementary School2026-04-17
CA,YMCA Bonita Elementary School,2026-04-17,6,YMCA Bonita Elementary School2026-04-17
CA,YMCA Arellanes Elementary School,2026-04-17,6,YMCA Arellanes Elementary School2026-04-17
CA,"Best Formulations PC, LLC",2026-04-17,32,"Best Formulations PC, LLC2026-04-17"
CA,"FM Restaurants HQ, LLC",2026-04-17,49,"FM Restaurants HQ, LLC2026-04-17"
FL,"Amazon 
27505 SW 132 Ave
TMB8
HOMESTEAD, FL, 33032",2026-04-17,616,"Amazon 
27505 SW 132 Ave
TMB8
HOMESTEAD, FL, 330322026-04-17"
FL,"Iron Galaxy Studios, LLC 
189 S Orange Ave STE 1900

ORLANDO, FL, 32801",2026-04-17,50,"Iron Galaxy Studios, LLC 
189 S Orange Ave STE 1900

ORLANDO, FL, 328012026-04-17"
CA,YMCA Sanchez Elementary School,2026-04-17,8,YMCA Sanchez Elementary School2026-04-17
CA,YMCA Taylor Elementary School,2026-04-17,10,YMCA Taylor Elementary School2026-04-17
CA,YMCA Tunnel Elementary School,2026-04-17,10,YMCA Tunnel Elementary School2026-04-17
CA,YMCA Oakley Elementary School,2026-04-17,9,YMCA Oakley Elementary School2026-04-17
SC,Milliken (Cedar Hill Plant),2026-04-17,126,Milliken (Cedar Hill Plant)2026-04-17
AZ,DLH Solutions,2026-04-17,N/A,DLH Solutions2026-04-17
CA,YMCA Santa Maria Valley,2026-04-17,7,YMCA Santa Maria Valley2026-04-17
IA,Transco Rail Services ,2026-04-16,N/A,Transco Rail Services 2026-04-16
CA,Paramount Skydance Corporation - 1575 N. Gower,2026-04-16,5,Paramount Skydance Corporation - 1575 N. Gower2026-04-16
CA,Paramount Skydance Corporation,2026-04-16,2,Paramount Skydance Corporation2026-04-16
CA,Disney Entertainment Operations LLC,2026-04-16,53,Disney Entertainment Operations LLC2026-04-16
WA,ZoomCare,2026-04-16,N/A,ZoomCare2026-04-16
TN,"T-Mobile USA, Inc.",2026-04-16,N/A,"T-Mobile USA, Inc.2026-04-16"
CA,Paramount Skydance Corporation (1575 N. Gower Street),2026-04-16,2,Paramount Skydance Corporation (1575 N. Gower Street)2026-04-16
CA,Paramount Skydance Corporation (5555 Melrose Avenue),2026-04-16,5,Paramount Skydance Corporation (5555 Melrose Avenue)2026-04-16
AZ,"Marsden Services, LLC",2026-04-15,N/A,"Marsden Services, LLC2026-04-15"
AL,Serta Mattress Company,2026-04-15,102,Serta Mattress Company2026-04-15
TN,Pave It Forward Logistics,2026-04-15,N/A,Pave It Forward Logistics2026-04-15
CA,The Primary School,2026-04-15,147,The Primary School2026-04-15
CA,Snap Inc.,2026-04-15,73,Snap Inc.2026-04-15
CA,Snap Inc.,2026-04-15,247,Snap Inc.2026-04-15
WA,Snap Inc.,2026-04-15,N/A,Snap Inc.2026-04-15
MO,Unknown,2026-04-14,25,Unknown2026-04-14
IA,UnityPoint Health ,2026-04-14,N/A,UnityPoint Health 2026-04-14
IA,UnityPoint Health ,2026-04-14,N/A,UnityPoint Health 2026-04-14
IA,UnityPoint Health ,2026-04-14,N/A,UnityPoint Health 2026-04-14
IA,UnityPoint Health ,2026-04-14,N/A,UnityPoint Health 2026-04-14
IA,UnityPoint Health ,2026-04-14,N/A,UnityPoint Health 2026-04-14
IA,Appliance Plus Cellular Inc ,2026-04-14,N/A,Appliance Plus Cellular Inc 2026-04-14
IA,Appliance Plus Cellular Inc,2026-04-14,N/A,Appliance Plus Cellular Inc2026-04-14
IA,Wells Fargo,2026-04-14,N/A,Wells Fargo2026-04-14
IA,Appliance Plus Cellular Inc,2026-04-14,N/A,Appliance Plus Cellular Inc2026-04-14
IA,UnityPoint Health ,2026-04-14,N/A,UnityPoint Health 2026-04-14
IA,Appliance Plus Cellular Inc,2026-04-14,N/A,Appliance Plus Cellular Inc2026-04-14
IA,Appliance Plus Cellular Inc,2026-04-14,N/A,Appliance Plus Cellular Inc2026-04-14
IA,UnityPoint Health ,2026-04-14,N/A,UnityPoint Health 2026-04-14
IA,UnityPoint Health ,2026-04-14,N/A,UnityPoint Health 2026-04-14
IA,UnityPoint Health ,2026-04-14,N/A,UnityPoint Health 2026-04-14
IA,Appliance Plus Cellular Inc,2026-04-14,N/A,Appliance Plus Cellular Inc2026-04-14
IA,Appliance Plus Cellular Inc,2026-04-14,N/A,Appliance Plus Cellular Inc2026-04-14
IA,Appliance Plus Cellular Inc,2026-04-14,N/A,Appliance Plus Cellular Inc2026-04-14
IA,UnityPoint Health ,2026-04-14,N/A,UnityPoint Health 2026-04-14
IA,UnityPoint Health ,2026-04-14,N/A,UnityPoint Health 2026-04-14
IN,RESRG Automotive,2026-04-14,266,RESRG Automotive2026-04-14
IA,Appliance Plus Cellular Inc,2026-04-14,N/A,Appliance Plus Cellular Inc2026-04-14
NY,"Citibank, N.A.",2026-04-14,820,"Citibank, N.A.2026-04-14"
CA,Redding Cement Plant,2026-04-14,53,Redding Cement Plant2026-04-14
CA,Block by Block,2026-04-14,47,Block by Block2026-04-14
AZ,"The Tendit Group, LLC.",2026-04-14,N/A,"The Tendit Group, LLC.2026-04-14"
CT,"Main Street Sports Group, LLC",2026-04-14,N/A,"Main Street Sports Group, LLC2026-04-14"
CA,Ventura Coastal,2026-04-14,69,Ventura Coastal2026-04-14
VA,Central Garden &amp; Pet,2026-04-14,94,Central Garden &amp; Pet2026-04-14
CA,McGee Air Services,2026-04-14,29,McGee Air Services2026-04-14
NY,"Citigroup Global Markets, Inc.",2026-04-14,58,"Citigroup Global Markets, Inc.2026-04-14"
CA,Blue Diamond Growers,2026-04-13,49,Blue Diamond Growers2026-04-13
CA,Boeing Company - Edwards AFB,2026-04-13,2,Boeing Company - Edwards AFB2026-04-13
CA,Boeing Company,2026-04-13,13,Boeing Company2026-04-13
CA,"Trumer Brewery, Comeback Brewing II dba Trumer Brewery",2026-04-13,27,"Trumer Brewery, Comeback Brewing II dba Trumer Brewery2026-04-13"
FL,"Ari Ben Aviator Inc 
4220 Aviator Way

FORT PIERCE, FL, 34946",2026-04-13,50,"Ari Ben Aviator Inc 
4220 Aviator Way

FORT PIERCE, FL, 349462026-04-13"
CA,The Gambrinus Company (Trumer Brewery and Taproom),2026-04-13,6,The Gambrinus Company (Trumer Brewery and Taproom)2026-04-13
CA,Boeing Company - San Diego,2026-04-13,1,Boeing Company - San Diego2026-04-13
CA,Boeing Company - Huntington Beach,2026-04-13,1,Boeing Company - Huntington Beach2026-04-13
CA,Boeing Company - El Segundo,2026-04-13,2,Boeing Company - El Segundo2026-04-13
NY,Nespresso,2026-04-13,46,Nespresso2026-04-13
NJ,The Fresh Market,2026-04-12,55,The Fresh Market2026-04-12
NY,Catholic Guardian Services (Rescission),2026-04-12,0,Catholic Guardian Services (Rescission)2026-04-12
NY,Catholic Guardian Services (Rescission),2026-04-12,0,Catholic Guardian Services (Rescission)2026-04-12
NY,Catholic Guardian Services (Rescission),2026-04-12,0,Catholic Guardian Services (Rescission)2026-04-12
NY,Catholic Guardian Services (Rescission),2026-04-12,0,Catholic Guardian Services (Rescission)2026-04-12
NY,TL Cannon Management Corp. - Applebee's (Capital),2026-04-12,15,TL Cannon Management Corp. - Applebee's (Capital)2026-04-12
NJ,ERMC,2026-04-11,205,ERMC2026-04-11
PA,Saks Fifth Avenue,2026-04-11,50,Saks Fifth Avenue2026-04-11
NJ,SFC Global Supply Chain,2026-04-10,170,SFC Global Supply Chain2026-04-10
CA,"Aramark Campus, LLC",2026-04-10,49,"Aramark Campus, LLC2026-04-10"
CA,"Satco, Inc.",2026-04-10,34,"Satco, Inc.2026-04-10"
VA,Voyant Beauty,2026-04-10,95,Voyant Beauty2026-04-10
MO,Unknown,2026-04-10,143,Unknown2026-04-10
WA,"Astellas US Holding, Inc.",2026-04-10,N/A,"Astellas US Holding, Inc.2026-04-10"
TN,Durham School Services,2026-04-10,N/A,Durham School Services2026-04-10
CA,Phillips 66,2026-04-10,6,Phillips 662026-04-10
SC,"Industrial Plastics Group, LLC",2026-04-10,74,"Industrial Plastics Group, LLC2026-04-10"
CA,Phillips 66,2026-04-10,10,Phillips 662026-04-10
CA,eBay Inc.,2026-04-10,198,eBay Inc.2026-04-10
CA,Mills College Children's School at Northwestern University,2026-04-10,21,Mills College Children's School at Northwestern University2026-04-10
TN,Legacy Supply Chain,2026-04-10,N/A,Legacy Supply Chain2026-04-10
AL,Legacy Supply Chain Operations,2026-04-09,6,Legacy Supply Chain Operations2026-04-09
CA,Carnegie Science Institution of Washington,2026-04-09,27,Carnegie Science Institution of Washington2026-04-09
CA,Sumisho Air Lease Corporation,2026-04-09,53,Sumisho Air Lease Corporation2026-04-09
AZ,VisionQuest National LTD,2026-04-09,N/A,VisionQuest National LTD2026-04-09
CA,Qualcomm Incorporated (5565 Morehouse Drive),2026-04-08,10,Qualcomm Incorporated (5565 Morehouse Drive)2026-04-08
CA,Sony Pictures Entertainment Inc.,2026-04-08,7,Sony Pictures Entertainment Inc.2026-04-08
CA,Qualcomm Incorporated (10160 Pacific Mesa Blvd.),2026-04-08,1,Qualcomm Incorporated (10160 Pacific Mesa Blvd.)2026-04-08
CA,Qualcomm Incorporated (10445 Pacific Center Court),2026-04-08,2,Qualcomm Incorporated (10445 Pacific Center Court)2026-04-08
CA,Qualcomm Incorporated (5745 Pacific Center Blvd.),2026-04-08,2,Qualcomm Incorporated (5745 Pacific Center Blvd.)2026-04-08
AZ,"Catholic Community Services of Southern Arizona, Inc.",2026-04-08,N/A,"Catholic Community Services of Southern Arizona, Inc.2026-04-08"
CA,"Montessori West, Inc.",2026-04-08,35,"Montessori West, Inc.2026-04-08"
CA,Qualcomm Incorporated (10185 McKellar Ct.),2026-04-08,1,Qualcomm Incorporated (10185 McKellar Ct.)2026-04-08
CA,Sony Pictures Entertainment Inc.,2026-04-08,111,Sony Pictures Entertainment Inc.2026-04-08
CA,Qualcomm Incorporated (5525 Morehouse Drive),2026-04-08,11,Qualcomm Incorporated (5525 Morehouse Drive)2026-04-08
CA,Sony Pictures Entertainment Inc.,2026-04-08,6,Sony Pictures Entertainment Inc.2026-04-08
CA,Qualcomm Incorporated (6455 Lusk Blvd.),2026-04-08,2,Qualcomm Incorporated (6455 Lusk Blvd.)2026-04-08
CA,Qualcomm Incorporated (10145 Pacific Heights Blvd.),2026-04-08,3,Qualcomm Incorporated (10145 Pacific Heights Blvd.)2026-04-08
IA,Ryder Systems Inc. ,2026-04-08,N/A,Ryder Systems Inc. 2026-04-08
CA,Qualcomm Incorporated (5665 Morehouse Drive),2026-04-08,6,Qualcomm Incorporated (5665 Morehouse Drive)2026-04-08
CA,Sony Pictures Entertainment Inc.,2026-04-08,9,Sony Pictures Entertainment Inc.2026-04-08
CA,"Guayabito Farms, LLC",2026-04-07,98,"Guayabito Farms, LLC2026-04-07"
CA,"Premier Berry Farms, LLC",2026-04-07,74,"Premier Berry Farms, LLC2026-04-07"
CA,Prepa Tec Los Angeles campus,2026-04-07,42,Prepa Tec Los Angeles campus2026-04-07
CA,Wellpath and CFMG - Placer Juvi Detention,2026-04-07,4,Wellpath and CFMG - Placer Juvi Detention2026-04-07
CA,Wellpath and CFMG - Placer Jail - Auburn,2026-04-07,50,Wellpath and CFMG - Placer Jail - Auburn2026-04-07
CA,Wellpath and CFMG - South Placer Jail,2026-04-07,35,Wellpath and CFMG - South Placer Jail2026-04-07
FL,"Bahama Breeze 
805 Brandon Town Center Drive

BRANDON, FL, 33511",2026-04-07,86,"Bahama Breeze 
805 Brandon Town Center Drive

BRANDON, FL, 335112026-04-07"
CA,"Noa Technologies, Inc.",2026-04-07,69,"Noa Technologies, Inc.2026-04-07"
NY,Lincoln Hall,2026-04-06,123,Lincoln Hall2026-04-06
NY,"USIC Locating Services, LLC. d/b/a Reconn Utility Services",2026-04-06,72,"USIC Locating Services, LLC. d/b/a Reconn Utility Services2026-04-06"
CA,Del Monte Foods Corporation II Inc.,2026-04-06,25,Del Monte Foods Corporation II Inc.2026-04-06
OR,Sumner St - Portland,2026-04-06,N/A,Sumner St - Portland2026-04-06
CA,ODS Technologies LP and Betfair Interactive US LLC,2026-04-06,174,ODS Technologies LP and Betfair Interactive US LLC2026-04-06
CA,Amethod Public Schools,2026-04-06,17,Amethod Public Schools2026-04-06
OR,Direct Marketing Solutions,2026-04-06,N/A,Direct Marketing Solutions2026-04-06
PA,White Deer Run Allenwood,2026-04-05,31,White Deer Run Allenwood2026-04-05
CA,PUC eCALS,2026-04-03,22,PUC eCALS2026-04-03
PA,"The GIANT Company, LLC.",2026-04-03,105,"The GIANT Company, LLC.2026-04-03"
CA,Partnerships to Uplift Communities Los Angeles,2026-04-03,26,Partnerships to Uplift Communities Los Angeles2026-04-03
CA,ProYouth,2026-04-03,81,ProYouth2026-04-03
CA,Super 7,2026-04-03,6,Super 72026-04-03
IA,First Student,2026-04-02,N/A,First Student2026-04-02
CA,Qualcomm Incorporated (5535 Morehouse Drive),2026-04-02,2,Qualcomm Incorporated (5535 Morehouse Drive)2026-04-02
CA,Qualcomm Incorporated (5775 Morehouse Drive),2026-04-02,19,Qualcomm Incorporated (5775 Morehouse Drive)2026-04-02
CA,Qualcomm Incorporated (5565 Morehouse Drive),2026-04-02,13,Qualcomm Incorporated (5565 Morehouse Drive)2026-04-02
CA,Qualcomm Incorporated (6455 Lusk Blvd),2026-04-02,5,Qualcomm Incorporated (6455 Lusk Blvd)2026-04-02
CA,Qualcomm Incorporated (5545 Morehouse Drive),2026-04-02,15,Qualcomm Incorporated (5545 Morehouse Drive)2026-04-02
CA,Qualcomm Incorporated (5745 Pacific Center Blvd),2026-04-02,2,Qualcomm Incorporated (5745 Pacific Center Blvd)2026-04-02
CA,Qualcomm Incorporated (10185 McKellar Court),2026-04-02,4,Qualcomm Incorporated (10185 McKellar Court)2026-04-02
CA,Qualcomm Incorporated (10350 Sorrento Valley Road),2026-04-02,3,Qualcomm Incorporated (10350 Sorrento Valley Road)2026-04-02
CA,Qualcomm Incorporated (5737 Pacific Center Blvd),2026-04-02,1,Qualcomm Incorporated (5737 Pacific Center Blvd)2026-04-02
CA,Qualcomm Incorporated (4243 Campus Point Ct),2026-04-02,1,Qualcomm Incorporated (4243 Campus Point Ct)2026-04-02
CA,Qualcomm Incorporated (10001 Pacific Heights Blvd),2026-04-02,2,Qualcomm Incorporated (10001 Pacific Heights Blvd)2026-04-02
CA,Good Sports Plus Ltd. dba Arc - Southwest High School,2026-04-02,4,Good Sports Plus Ltd. dba Arc - Southwest High School2026-04-02
CA,Good Sports Plus Ltd. dba Arc - Desert Valley High School,2026-04-02,3,Good Sports Plus Ltd. dba Arc - Desert Valley High School2026-04-02
CA,Good Sports Plus dba Arc - Padilla-Pace Middle School,2026-04-02,7,Good Sports Plus dba Arc - Padilla-Pace Middle School2026-04-02
CA,Good Sports Plus Ltd. dba Arc - Phoenix Rising/Desert Oasis High School,2026-04-02,2,Good Sports Plus Ltd. dba Arc - Phoenix Rising/Desert Oasis High School2026-04-02
CA,Good Sports Plus Ltd. dba Arc - Central Union High School,2026-04-02,3,Good Sports Plus Ltd. dba Arc - Central Union High School2026-04-02
CA,Good Sports Plus Ltd. dba Arc,2026-04-02,4,Good Sports Plus Ltd. dba Arc2026-04-02
CA,Good Sports Plus Ltd. dba Brawley Union High School,2026-04-02,6,Good Sports Plus Ltd. dba Brawley Union High School2026-04-02
CA,"Good Sports Plus Ltd, dba Arc Phil D. Swing Elementary School",2026-04-02,13,"Good Sports Plus Ltd, dba Arc Phil D. Swing Elementary School2026-04-02"
OR,Troutdale Facility,2026-04-02,N/A,Troutdale Facility2026-04-02
CA,Good Sports Plus dba Arc - Myron D. Witter Elementary School,2026-04-02,15,Good Sports Plus dba Arc - Myron D. Witter Elementary School2026-04-02
CA,"Good Sports Plus, Ltd. dba Arc - Miguel Hidalgo Elementary School",2026-04-02,5,"Good Sports Plus, Ltd. dba Arc - Miguel Hidalgo Elementary School2026-04-02"
CA,"Good Sports Plus, Ltd. dba Arc - J.W. Oakley Elementary School",2026-04-02,15,"Good Sports Plus, Ltd. dba Arc - J.W. Oakley Elementary School2026-04-02"
CA,"Good Sports Plus, Ltd dba ARC - Barbara Worth Junior High School",2026-04-02,5,"Good Sports Plus, Ltd dba ARC - Barbara Worth Junior High School2026-04-02"
AZ,"Aramark Campus, LLC",2026-04-01,108,"Aramark Campus, LLC2026-04-01"
CT,PerkinElmer U.S. LLC,2026-04-01,N/A,PerkinElmer U.S. LLC2026-04-01
FL,"Highgate Hotels, L.P 
601 Washington Avenue

MIAMI BEACH, FL, 33139",2026-04-01,114,"Highgate Hotels, L.P 
601 Washington Avenue

MIAMI BEACH, FL, 331392026-04-01"
AL,Swedish Match Cigars Inc,2026-04-01,54,Swedish Match Cigars Inc2026-04-01
FL,"U.S. Committee for Refugees and Immigrants 
4445 Pine Forest Drive

LAKE WORTH, FL, 33463",2026-04-01,53,"U.S. Committee for Refugees and Immigrants 
4445 Pine Forest Drive

LAKE WORTH, FL, 334632026-04-01"
MO,Unknown,2026-04-01,48,Unknown2026-04-01
CA,Union of Pan Asian Communities - Positive Solutions and Elder Multicultural Access & Support Service,2026-04-01,14,Union of Pan Asian Communities - Positive Solutions and Elder Multicultural Access & Support Service2026-04-01
CA,"Oracle America, Inc.",2026-04-01,158,"Oracle America, Inc.2026-04-01"
CA,Morgan Technical Ceramics,2026-04-01,94,Morgan Technical Ceramics2026-04-01
CA,"Oracle America, Inc.",2026-04-01,50,"Oracle America, Inc.2026-04-01"
CA,Union of Pan Asian Communities - East Wind Clubhouse,2026-04-01,5,Union of Pan Asian Communities - East Wind Clubhouse2026-04-01
IN,"Oakland City University, Inc",2026-04-01,167,"Oakland City University, Inc2026-04-01"
CA,Consolidated Entertainment LLC (Reading Cinemas,2026-04-01,63,Consolidated Entertainment LLC (Reading Cinemas2026-04-01
CA,"Oracle America, Inc.",2026-04-01,310,"Oracle America, Inc.2026-04-01"
CA,Think Together,2026-04-01,114,Think Together2026-04-01
CA,Victoria Nursery,2026-04-01,62,Victoria Nursery2026-04-01
CA,"Oracle America, Inc.",2026-04-01,184,"Oracle America, Inc.2026-04-01"
NJ,Pioneer Credit Recovery,2026-03-31,180,Pioneer Credit Recovery2026-03-31
VA,PCA (Packaging Corporation of America),2026-03-31,109,PCA (Packaging Corporation of America)2026-03-31
WA,"Meta Platforms, Inc",2026-03-31,N/A,"Meta Platforms, Inc2026-03-31"
IA,Wells Fargo,2026-03-31,N/A,Wells Fargo2026-03-31
NY,Lutheran Social Services of New York,2026-03-31,20,Lutheran Social Services of New York2026-03-31
WA,"Oracle America, Inc.",2026-03-31,N/A,"Oracle America, Inc.2026-03-31"
NY,Lutheran Social Services of New York,2026-03-31,37,Lutheran Social Services of New York2026-03-31
NJ,International Real Estate Partners US Corp,2026-03-31,61,International Real Estate Partners US Corp2026-03-31
NY,GoGo Bus Tours Inc .d/b/a 2gobus,2026-03-31,75,GoGo Bus Tours Inc .d/b/a 2gobus2026-03-31
AL,Resolute Forest Products,2026-03-31,255,Resolute Forest Products2026-03-31
AL,Resolute Forest Products,2026-03-31,20,Resolute Forest Products2026-03-31
CA,"Sentinel Transportation, LLC",2026-03-30,3,"Sentinel Transportation, LLC2026-03-30"
CA,"Sentinel Transportation, LLC",2026-03-30,24,"Sentinel Transportation, LLC2026-03-30"
CA,"Sentinel Transportation, LLC",2026-03-30,4,"Sentinel Transportation, LLC2026-03-30"
CA,"Sentinel Transportation, LLC",2026-03-30,5,"Sentinel Transportation, LLC2026-03-30"
CA,"Sentinel Transportation, LLC",2026-03-30,5,"Sentinel Transportation, LLC2026-03-30"
CA,"Sentinel Transportation, LLC",2026-03-30,2,"Sentinel Transportation, LLC2026-03-30"
CA,"Sentinel Transportation, LLC",2026-03-30,2,"Sentinel Transportation, LLC2026-03-30"
CA,"Sentinel Transportation, LLC",2026-03-30,2,"Sentinel Transportation, LLC2026-03-30"
CA,"Sentinel Transportation, LLC",2026-03-30,24,"Sentinel Transportation, LLC2026-03-30"
CA,"Sentinel Transportation, LLC",2026-03-30,3,"Sentinel Transportation, LLC2026-03-30"
CA,"Sentinel Transportation, LLC",2026-03-30,10,"Sentinel Transportation, LLC2026-03-30"
MT,Wells Fargo & Company,2026-03-30,77,Wells Fargo & Company2026-03-30
CA,"Sentinel Transportation, LLC",2026-03-30,1,"Sentinel Transportation, LLC2026-03-30"
CA,"Sentinel Transportation, LLC",2026-03-30,2,"Sentinel Transportation, LLC2026-03-30"
CA,"Sentinel Transportation, LLC",2026-03-30,3,"Sentinel Transportation, LLC2026-03-30"
CA,Chen-Tech Industries LLC,2026-03-30,98,Chen-Tech Industries LLC2026-03-30
CA,"Sentinel Transportation, LLC",2026-03-30,7,"Sentinel Transportation, LLC2026-03-30"
CA,"Sentinel Transportation, LLC",2026-03-30,3,"Sentinel Transportation, LLC2026-03-30"
CA,"Sentinel Transportation, LLC",2026-03-30,3,"Sentinel Transportation, LLC2026-03-30"
CA,"Sentinel Transportation, LLC",2026-03-30,2,"Sentinel Transportation, LLC2026-03-30"
CA,"Sentinel Transportation, LLC",2026-03-30,3,"Sentinel Transportation, LLC2026-03-30"
CA,"Sentinel Transportation, LLC",2026-03-30,1,"Sentinel Transportation, LLC2026-03-30"
CA,John Adams Academy,2026-03-30,13,John Adams Academy2026-03-30
PA,Miller's Ale House,2026-03-30,49,Miller's Ale House2026-03-30
CA,South Coast Behavioral Health,2026-03-30,1,South Coast Behavioral Health2026-03-30
CA,South Coast Behavioral Health,2026-03-30,36,South Coast Behavioral Health2026-03-30
CA,Experian,2026-03-30,3,Experian2026-03-30
CA,"Meta Platforms, Inc.",2026-03-30,74,"Meta Platforms, Inc.2026-03-30"
CA,John Adams academy,2026-03-30,49,John Adams academy2026-03-30
CA,"Meta Platforms, Inc.",2026-03-30,124,"Meta Platforms, Inc.2026-03-30"
CA,John Adams Academy - El Dorado,2026-03-30,6,John Adams Academy - El Dorado2026-03-30
CA,F10 Oceanside LLC,2026-03-30,58,F10 Oceanside LLC2026-03-30
CA,"Sentinel Transportation, LLC",2026-03-30,4,"Sentinel Transportation, LLC2026-03-30"
CA,"Sentinel Transportation, LLC",2026-03-30,8,"Sentinel Transportation, LLC2026-03-30"
CA,"Sentinel Transportation, LLC",2026-03-30,3,"Sentinel Transportation, LLC2026-03-30"
CA,"Sentinel Transportation, LLC",2026-03-30,1,"Sentinel Transportation, LLC2026-03-30"
CA,"Sentinel Transportation, LLC",2026-03-30,1,"Sentinel Transportation, LLC2026-03-30"
CA,Crittenton (100 E. Valley View),2026-03-27,81,Crittenton (100 E. Valley View)2026-03-27
CA,Rb Wine Associates LLC dba Rack & Riddle,2026-03-27,32,Rb Wine Associates LLC dba Rack & Riddle2026-03-27
CA,Crittenton (201 W. Amerige Ave),2026-03-27,37,Crittenton (201 W. Amerige Ave)2026-03-27
UT,"ProFrac Services, LLC",2026-03-27,157,"ProFrac Services, LLC2026-03-27"
KS,Ashley Clinic/Southeast Kansas Mental Health Center,2026-03-27,N/A,Ashley Clinic/Southeast Kansas Mental Health Center2026-03-27
OR,Sunstone Way,2026-03-27,N/A,Sunstone Way2026-03-27
CA,Crittenton (600 N. Harbor Blvd),2026-03-27,26,Crittenton (600 N. Harbor Blvd)2026-03-27
FL,"HCL America, Inc 
9002 San Marco Court

ORLANDO, FL, 32819",2026-03-27,120,"HCL America, Inc 
9002 San Marco Court

ORLANDO, FL, 328192026-03-27"
WA,Starbucks,2026-03-27,N/A,Starbucks2026-03-27
CA,Welcome Palm Springs LLC dba Riviera Resort & Spa Palm Springs,2026-03-26,233,Welcome Palm Springs LLC dba Riviera Resort & Spa Palm Springs2026-03-26
OR,Horizon Air - Rogue Valley Internationa,2026-03-26,N/A,Horizon Air - Rogue Valley Internationa2026-03-26
AZ,"Sinomax East, Inc.",2026-03-26,89,"Sinomax East, Inc.2026-03-26"
RI,"Allied Group, LLC",2026-03-26,154,"Allied Group, LLC2026-03-26"
CA,"Kay and Associates, Inc.",2026-03-26,103,"Kay and Associates, Inc.2026-03-26"
CA,DASH Industries,2026-03-26,80,DASH Industries2026-03-26
OK,CAE USA Inc,2026-03-25,N/A,CAE USA Inc2026-03-25
CA,Comprehensive Autism Center,2026-03-25,27,Comprehensive Autism Center2026-03-25
CA,"MAG Brand Group, LLC",2026-03-25,53,"MAG Brand Group, LLC2026-03-25"
UT,Genpak,2026-03-25,200,Genpak2026-03-25
CA,Comprehensive Autism Center,2026-03-25,35,Comprehensive Autism Center2026-03-25
CA,"Gilead Sciences, Inc.",2026-03-25,51,"Gilead Sciences, Inc.2026-03-25"
FL,"City Cellar 
700 S. Rosemary Avenue

WEST PALM BEACH, FL, 33401",2026-03-25,96,"City Cellar 
700 S. Rosemary Avenue

WEST PALM BEACH, FL, 334012026-03-25"
MO,Unknown,2026-03-24,94,Unknown2026-03-24
TN,Titan International,2026-03-24,N/A,Titan International2026-03-24
TN,Blount Memorial Hospital,2026-03-24,N/A,Blount Memorial Hospital2026-03-24
CA,"Bedabox, LLC (dba ShipMonk)",2026-03-24,145,"Bedabox, LLC (dba ShipMonk)2026-03-24"
WA,"Epic Games, Inc.",2026-03-24,N/A,"Epic Games, Inc.2026-03-24"
CA,"Synopsys, Inc.",2026-03-23,55,"Synopsys, Inc.2026-03-23"
CA,Pernod Ricard Kenwood Holding LLC,2026-03-23,14,Pernod Ricard Kenwood Holding LLC2026-03-23
UT,Crimson Heights,2026-03-23,15,Crimson Heights2026-03-23
CA,"Mattel, Inc.",2026-03-23,65,"Mattel, Inc.2026-03-23"
TN,BlueOval SK,2026-03-23,N/A,BlueOval SK2026-03-23
CA,JPMorgan Chase,2026-03-23,53,JPMorgan Chase2026-03-23
CA,Nob Hill Foods,2026-03-23,50,Nob Hill Foods2026-03-23
CA,Experian,2026-03-23,35,Experian2026-03-23
CA,"Primo Brands, Inc.",2026-03-20,23,"Primo Brands, Inc.2026-03-20"
CA,City National Bank (555 S. Flower Street),2026-03-20,9,City National Bank (555 S. Flower Street)2026-03-20
CA,NSI-Lynn Electronics,2026-03-20,52,NSI-Lynn Electronics2026-03-20
MO,Unknown,2026-03-20,104,Unknown2026-03-20
WA,"Blue Star Growers, Inc.",2026-03-20,N/A,"Blue Star Growers, Inc.2026-03-20"
CA,City National Bank (350 S. Grand Ave.),2026-03-20,3,City National Bank (350 S. Grand Ave.)2026-03-20
VA,BAE Systems,2026-03-19,119,BAE Systems2026-03-19
CA,SSP America,2026-03-19,44,SSP America2026-03-19
CA,Waymakers,2026-03-19,67,Waymakers2026-03-19
RI,Northeast Transportation Services LLC,2026-03-19,52,Northeast Transportation Services LLC2026-03-19
CA,Waymakers,2026-03-19,3,Waymakers2026-03-19
CA,"Summit Funding, Inc.",2026-03-19,163,"Summit Funding, Inc.2026-03-19"
CA,"ERN Services, Inc.",2026-03-18,74,"ERN Services, Inc.2026-03-18"
CA,"Lodging Dynamics Hospitality Group, LLC (Homewood Suites)",2026-03-18,51,"Lodging Dynamics Hospitality Group, LLC (Homewood Suites)2026-03-18"
CA,"Lodging Dynamics Hospitality Group, LLC (Residence Inn)",2026-03-18,43,"Lodging Dynamics Hospitality Group, LLC (Residence Inn)2026-03-18"
CA,"Lodging Dynamics Hospitality Group, LLC (Hilton Garden Inn)",2026-03-18,36,"Lodging Dynamics Hospitality Group, LLC (Hilton Garden Inn)2026-03-18"
VA,Bering Global Solutions (BGS),2026-03-18,108,Bering Global Solutions (BGS)2026-03-18
CA,"Lodging Dynamics Hospitality Group, LLC (Midici Restaurant)",2026-03-18,9,"Lodging Dynamics Hospitality Group, LLC (Midici Restaurant)2026-03-18"
CA,"Lodging Dynamics Hospitality Group, LLC (Courtyard & TownePlace Suites)",2026-03-18,97,"Lodging Dynamics Hospitality Group, LLC (Courtyard & TownePlace Suites)2026-03-18"
CA,Experian (Experian Health and Experian Information Solutions),2026-03-17,5,Experian (Experian Health and Experian Information Solutions)2026-03-17
HI,Saks & Company LLC,2026-03-17,N/A,Saks & Company LLC2026-03-17
CA,Corteva Agriscience,2026-03-17,3,Corteva Agriscience2026-03-17
HI,The Odom Corporation,2026-03-17,N/A,The Odom Corporation2026-03-17
AL,Overland Contracting   Inc,2026-03-17,62,Overland Contracting   Inc2026-03-17
WA,"Blue Bird, Inc.",2026-03-17,N/A,"Blue Bird, Inc.2026-03-17"
CA,Calvary Murrieta Christian School,2026-03-16,74,Calvary Murrieta Christian School2026-03-16
FL,"Milestone Reporting Company, LLC 
315 East Robinson Street, Suite 510

ORLANDO, FL, 32801",2026-03-16,80,"Milestone Reporting Company, LLC 
315 East Robinson Street, Suite 510

ORLANDO, FL, 328012026-03-16"
NJ,Heights University Hospital,2026-03-16,65,Heights University Hospital2026-03-16
SC,James Hardie Building Products Inc.,2026-03-16,78,James Hardie Building Products Inc.2026-03-16
CA,"Gossamer Bio, Inc.",2026-03-16,65,"Gossamer Bio, Inc.2026-03-16"
PA,"ALPEK Polyester USA, LLC",2026-03-15,100,"ALPEK Polyester USA, LLC2026-03-15"
PA,French Creek Recovery Center,2026-03-15,59,French Creek Recovery Center2026-03-15
CT,Macys Store Delivery Center (SDS) and Customer Returns Center (CRD) Operations,2026-03-14,N/A,Macys Store Delivery Center (SDS) and Customer Returns Center (CRD) Operations2026-03-14
NY,DF NY One Inc. d/b/a Dreamfields,2026-03-13,13,DF NY One Inc. d/b/a Dreamfields2026-03-13
WA,"John I. Haas, Inc.",2026-03-13,N/A,"John I. Haas, Inc.2026-03-13"
IN,"WIT Logistics, LLC",2026-03-13,65,"WIT Logistics, LLC2026-03-13"
CA,Blue Shield of California,2026-03-13,17,Blue Shield of California2026-03-13
NJ,OTB Hospitality,2026-03-13,62,OTB Hospitality2026-03-13
CA,Blue Shield of California,2026-03-13,3,Blue Shield of California2026-03-13
OK,VITAL ENERGY INC,2026-03-13,N/A,VITAL ENERGY INC2026-03-13
CA,Blue Shield of California,2026-03-13,6,Blue Shield of California2026-03-13
CA,Blue Shield of California,2026-03-13,8,Blue Shield of California2026-03-13
CA,Blue Shield of California,2026-03-13,14,Blue Shield of California2026-03-13
CA,Blue Shield of California (Building B),2026-03-13,7,Blue Shield of California (Building B)2026-03-13
CA,Blue Shield of California (Building C),2026-03-13,5,Blue Shield of California (Building C)2026-03-13
CA,Blue Shield of California,2026-03-13,7,Blue Shield of California2026-03-13
CA,Blue Shield of California,2026-03-13,2,Blue Shield of California2026-03-13
CA,America's Finest Charter School - High School Program,2026-03-12,10,America's Finest Charter School - High School Program2026-03-12
CA,Sanitation Specialists,2026-03-12,15,Sanitation Specialists2026-03-12
WA,"Rise Baking Company, LLC",2026-03-12,N/A,"Rise Baking Company, LLC2026-03-12"
CA,Total Storage Solutions (Citrus Plaza Self Storage),2026-03-12,2,Total Storage Solutions (Citrus Plaza Self Storage)2026-03-12
CA,Total Storage Solutions (E Street Self Storage),2026-03-12,2,Total Storage Solutions (E Street Self Storage)2026-03-12
CA,Total Storage Solutions (Best RV & Self Storage),2026-03-12,3,Total Storage Solutions (Best RV & Self Storage)2026-03-12
CA,Total Storage Solutions (Riverside Self Storage),2026-03-12,4,Total Storage Solutions (Riverside Self Storage)2026-03-12
CA,Total Storage Solutions (Western States Self Storage),2026-03-12,3,Total Storage Solutions (Western States Self Storage)2026-03-12
CA,Total Storage Solutions (Tri-City Self Storage),2026-03-12,3,Total Storage Solutions (Tri-City Self Storage)2026-03-12
CA,Total Storage Solutions (Sun City Mini Storage),2026-03-12,3,Total Storage Solutions (Sun City Mini Storage)2026-03-12
CA,Total Storage Solutions (Jefferson Self Storage),2026-03-12,4,Total Storage Solutions (Jefferson Self Storage)2026-03-12
CA,Total Storage Solutions (Beaumont Self Storage),2026-03-12,3,Total Storage Solutions (Beaumont Self Storage)2026-03-12
CA,Total Storage Solutions (Beaumont RV & Self Storage),2026-03-12,3,Total Storage Solutions (Beaumont RV & Self Storage)2026-03-12
CA,Total Storage Solutions (Aware Self Storage),2026-03-12,2,Total Storage Solutions (Aware Self Storage)2026-03-12
CA,Total Storage Solutions (Airport Mini Storage),2026-03-12,3,Total Storage Solutions (Airport Mini Storage)2026-03-12
CA,Total Storage Solutions (Townsend Self Storage),2026-03-12,3,Total Storage Solutions (Townsend Self Storage)2026-03-12
CA,Total Storage Solutions (Garden Grove Secured Storage),2026-03-12,3,Total Storage Solutions (Garden Grove Secured Storage)2026-03-12
CA,Total Storage Solutions (All Size Laguna Niguel),2026-03-12,3,Total Storage Solutions (All Size Laguna Niguel)2026-03-12
CA,Total Storage Solutions (All Size Self Storage),2026-03-12,3,Total Storage Solutions (All Size Self Storage)2026-03-12
CA,Total Storage Solutions (Arcadia 210 Self Storage),2026-03-12,1,Total Storage Solutions (Arcadia 210 Self Storage)2026-03-12
CA,Total Storage Solutions (Studebaker Self Storage),2026-03-12,3,Total Storage Solutions (Studebaker Self Storage)2026-03-12
CA,Total Storage Solutions (El Monte Stor It Now),2026-03-12,3,Total Storage Solutions (El Monte Stor It Now)2026-03-12
CA,Total Storage Solutions (Crenshaw Self Storage),2026-03-12,2,Total Storage Solutions (Crenshaw Self Storage)2026-03-12
CA,Sanitation Specialists,2026-03-12,21,Sanitation Specialists2026-03-12
WA,"Atlassian US, Inc.",2026-03-11,N/A,"Atlassian US, Inc.2026-03-11"
CA,"Atlassian US, Inc.",2026-03-11,252,"Atlassian US, Inc.2026-03-11"
CA,Westside Equipment Co. (OXBO),2026-03-11,2,Westside Equipment Co. (OXBO)2026-03-11
CA,Union of Pan Asian Communities (Neighborhood Enterprise Center),2026-03-11,16,Union of Pan Asian Communities (Neighborhood Enterprise Center)2026-03-11
CA,Experian,2026-03-11,28,Experian2026-03-11
FL,"Nan McKay & Associates 
1111 Park Centre Blvd

MIAMI GARDENS, FL, 33169",2026-03-11,4,"Nan McKay & Associates 
1111 Park Centre Blvd

MIAMI GARDENS, FL, 331692026-03-11"
FL,"Nan McKay & Associates 
20 SE 3rd Ave

MIAMI, FL, 33131",2026-03-11,97,"Nan McKay & Associates 
20 SE 3rd Ave

MIAMI, FL, 331312026-03-11"
NY,Enthuse LLC,2026-03-10,13,Enthuse LLC2026-03-10
SC,SMBC MANUBANK (JeniusBank),2026-03-10,3,SMBC MANUBANK (JeniusBank)2026-03-10
IN,Kem Krest LLC,2026-03-10,77,Kem Krest LLC2026-03-10
CT,JeniusBank,2026-03-10,N/A,JeniusBank2026-03-10
PA,"PrimeFlight Aviation Services, Inc.",2026-03-09,68,"PrimeFlight Aviation Services, Inc.2026-03-09"
WA,"Agrimacs, Inc.",2026-03-09,N/A,"Agrimacs, Inc.2026-03-09"
CA,Sky Chefs' Customer Service Center,2026-03-09,14,Sky Chefs' Customer Service Center2026-03-09
IA,"Sky Auto Mall, LLC ",2026-03-09,N/A,"Sky Auto Mall, LLC 2026-03-09"
IA,"Sky Chevrolet, LLC ",2026-03-09,N/A,"Sky Chevrolet, LLC 2026-03-09"
HI,Cotti Foods Pizza Hawaii Inc. (dba Pieology Pizzeria),2026-03-09,N/A,Cotti Foods Pizza Hawaii Inc. (dba Pieology Pizzeria)2026-03-09
NJ,Macy's,2026-03-07,79,Macy's2026-03-07
CA,Saks & Company LLC,2026-03-06,97,Saks & Company LLC2026-03-06
CA,Saks & Company LLC,2026-03-06,58,Saks & Company LLC2026-03-06
SC,C2 Technologies,2026-03-06,1,C2 Technologies2026-03-06
CA,American Eagle Flights (Santa Maria Airport),2026-03-06,20,American Eagle Flights (Santa Maria Airport)2026-03-06
CA,KBR Services LLC,2026-03-06,758,KBR Services LLC2026-03-06
VA,Saks &amp; Company LLC (Saks Fifth Avenue Store),2026-03-06,70,Saks &amp; Company LLC (Saks Fifth Avenue Store)2026-03-06
HI,"WARN Rescinded – May 1, 2026",2026-03-06,N/A,"WARN Rescinded – May 1, 20262026-03-06"
CA,Saks & Company LLC,2026-03-06,76,Saks & Company LLC2026-03-06
CA,Liberty Dental Plan Corporation,2026-03-05,16,Liberty Dental Plan Corporation2026-03-05
CA,Endologix LLC,2026-03-05,23,Endologix LLC2026-03-05
CA,Endologix LLC,2026-03-05,6,Endologix LLC2026-03-05
FL,"C2 Technologies 
7601 Lewinsville Road, Suite 200 in McLean, Virginia

TAMPA, FL, 33602",2026-03-05,1,"C2 Technologies 
7601 Lewinsville Road, Suite 200 in McLean, Virginia

TAMPA, FL, 336022026-03-05"
FL,"C2 Technologies 
7601 Lewinsville Road, Suite 200 in McLean, Virginia

ALTAMONTE SPRINGS, FL, 32716",2026-03-05,1,"C2 Technologies 
7601 Lewinsville Road, Suite 200 in McLean, Virginia

ALTAMONTE SPRINGS, FL, 327162026-03-05"
FL,"C2 Technologies 
7601 Lewinsville Road, Suite 200 in McLean, Virginia

JACKSONVILLE, FL, 32202",2026-03-05,1,"C2 Technologies 
7601 Lewinsville Road, Suite 200 in McLean, Virginia

JACKSONVILLE, FL, 322022026-03-05"
FL,"C2 Technologies 
7601 Lewinsville Road, Suite 200 in McLean, Virginia

OCALA, FL, 34470",2026-03-05,1,"C2 Technologies 
7601 Lewinsville Road, Suite 200 in McLean, Virginia

OCALA, FL, 344702026-03-05"
FL,"C2 Technologies 
7601 Lewinsville Road, Suite 200 in McLean, Virginia

TALLAHASSEE, FL, 32305",2026-03-05,2,"C2 Technologies 
7601 Lewinsville Road, Suite 200 in McLean, Virginia

TALLAHASSEE, FL, 323052026-03-05"
SC,Saddle Creek Logistics Services,2026-03-05,130,Saddle Creek Logistics Services2026-03-05
FL,"C2 Technologies 
7601 Lewinsville Road, Suite 200 in McLean, Virginia

PORT SAINT LUCIE, FL, 34945",2026-03-05,1,"C2 Technologies 
7601 Lewinsville Road, Suite 200 in McLean, Virginia

PORT SAINT LUCIE, FL, 349452026-03-05"
WA,CHS Northwest,2026-03-05,N/A,CHS Northwest2026-03-05
WA,C2 Technologies,2026-03-05,N/A,C2 Technologies2026-03-05
CA,Endologix LLC,2026-03-05,2,Endologix LLC2026-03-05
FL,"C2 Technologies 
7601 Lewinsville Road, Suite 200 in McLean, Virginia

DELTONA, FL, 32725",2026-03-05,1,"C2 Technologies 
7601 Lewinsville Road, Suite 200 in McLean, Virginia

DELTONA, FL, 327252026-03-05"
FL,"C2 Technologies 
7601 Lewinsville Road, Suite 200 in McLean, Virginia

PALM BAY, FL, 32905",2026-03-05,1,"C2 Technologies 
7601 Lewinsville Road, Suite 200 in McLean, Virginia

PALM BAY, FL, 329052026-03-05"
FL,"C2 Technologies 
7601 Lewinsville Road, Suite 200 in McLean, Virginia

GREEN COVE SPRINGS, FL, 32043",2026-03-05,1,"C2 Technologies 
7601 Lewinsville Road, Suite 200 in McLean, Virginia

GREEN COVE SPRINGS, FL, 320432026-03-05"
AZ,C2 Technologies,2026-03-05,1,C2 Technologies2026-03-05
FL,"C2 Technologies 
7601 Lewinsville Road, Suite 200 in McLean, Virginia

LAKELAND, FL, 33801",2026-03-05,1,"C2 Technologies 
7601 Lewinsville Road, Suite 200 in McLean, Virginia

LAKELAND, FL, 338012026-03-05"
FL,"C2 Technologies 
7601 Lewinsville Road, Suite 200 in McLean, Virginia

KISSIMMEE, FL, 34741",2026-03-05,1,"C2 Technologies 
7601 Lewinsville Road, Suite 200 in McLean, Virginia

KISSIMMEE, FL, 347412026-03-05"
FL,"C2 Technologies 
7601 Lewinsville Road, Suite 200 in McLean, Virginia

DELAND, FL, 32720",2026-03-05,1,"C2 Technologies 
7601 Lewinsville Road, Suite 200 in McLean, Virginia

DELAND, FL, 327202026-03-05"
FL,"C2 Technologies 
7601 Lewinsville Road, Suite 200 in McLean, Virginia

BRANDON, FL, 33511",2026-03-05,1,"C2 Technologies 
7601 Lewinsville Road, Suite 200 in McLean, Virginia

BRANDON, FL, 335112026-03-05"
FL,"C2 Technologies 
7601 Lewinsville Road, Suite 200 in McLean, Virginia

ORLANDO, FL, 32801",2026-03-05,3,"C2 Technologies 
7601 Lewinsville Road, Suite 200 in McLean, Virginia

ORLANDO, FL, 328012026-03-05"
FL,"C2 Technologies 
7601 Lewinsville Road, Suite 200 in McLean, Virginia

SHALIMAR, FL, 32579",2026-03-05,1,"C2 Technologies 
7601 Lewinsville Road, Suite 200 in McLean, Virginia

SHALIMAR, FL, 325792026-03-05"
FL,"C2 Technologies 
7601 Lewinsville Road, Suite 200 in McLean, Virginia

PLANT CITY, FL, 33563",2026-03-05,1,"C2 Technologies 
7601 Lewinsville Road, Suite 200 in McLean, Virginia

PLANT CITY, FL, 335632026-03-05"
FL,"C2 Technologies 
7601 Lewinsville Road, Suite 200 in McLean, Virginia

WINTER SPRINGS, FL, 32708",2026-03-05,1,"C2 Technologies 
7601 Lewinsville Road, Suite 200 in McLean, Virginia

WINTER SPRINGS, FL, 327082026-03-05"
TN,All Heart Pediatric Cardiology,2026-03-05,N/A,All Heart Pediatric Cardiology2026-03-05
TN,IKEA Memphis,2026-03-05,N/A,IKEA Memphis2026-03-05
FL,"C2 Technologies 
7601 Lewinsville Road, Suite 200 in McLean, Virginia

APOPKA, FL, 32703",2026-03-05,1,"C2 Technologies 
7601 Lewinsville Road, Suite 200 in McLean, Virginia

APOPKA, FL, 327032026-03-05"
CA,Kintetsu World Express,2026-03-04,5,Kintetsu World Express2026-03-04
TN,"First Brands Group, LLC",2026-03-04,N/A,"First Brands Group, LLC2026-03-04"
CA,"MedImpact Healthcare Systems, Inc.",2026-03-04,125,"MedImpact Healthcare Systems, Inc.2026-03-04"
WA,Refresco Beverages US Inc,2026-03-03,N/A,Refresco Beverages US Inc2026-03-03
CA,Wells Fargo,2026-03-03,6,Wells Fargo2026-03-03
WA,Northwest Hardwoods,2026-03-03,N/A,Northwest Hardwoods2026-03-03
TN,"PMC Biogenix, Inc.",2026-03-03,N/A,"PMC Biogenix, Inc.2026-03-03"
IA,Wells Fargo,2026-03-03,N/A,Wells Fargo2026-03-03
VA,C2 Technologies,2026-03-02,2,C2 Technologies2026-03-02
WA,"MicroVision, Inc.",2026-03-02,N/A,"MicroVision, Inc.2026-03-02"
WA,Doosan GridTech,2026-03-02,N/A,Doosan GridTech2026-03-02
CA,The Vons Companies Inc.,2026-03-02,65,The Vons Companies Inc.2026-03-02
CA,"Salesforce, Inc.",2026-03-02,51,"Salesforce, Inc.2026-03-02"
NJ,CMC Energy Services,2026-03-02,89,CMC Energy Services2026-03-02
TN,"McKay Books, Inc.",2026-03-02,N/A,"McKay Books, Inc.2026-03-02"
FL,"Trulieve, Inc. 
13773 Icot Blvd Bldg. 5

CLEAR WATER, FL, 33760",2026-03-02,58,"Trulieve, Inc. 
13773 Icot Blvd Bldg. 5

CLEAR WATER, FL, 337602026-03-02"
SC,"WeDriveU, Inc.",2026-02-28,194,"WeDriveU, Inc.2026-02-28"
PA,DHL Supply Chain,2026-02-28,66,DHL Supply Chain2026-02-28
SC,"eREV Supply Chain, LLC",2026-02-28,133,"eREV Supply Chain, LLC2026-02-28"
SC,DLH Solutions,2026-02-28,194,DLH Solutions2026-02-28
MO,Unknown,2026-02-28,3,Unknown2026-02-28
CA,"Supernal, LLC",2026-02-27,1,"Supernal, LLC2026-02-27"
CA,"Supernal, LLC",2026-02-27,13,"Supernal, LLC2026-02-27"
CA,Heritage Bank of Commerce (Los Altos),2026-02-27,1,Heritage Bank of Commerce (Los Altos)2026-02-27
IA,CNH Industrial America LLC ,2026-02-27,N/A,CNH Industrial America LLC 2026-02-27
CA,Heritage Bank of Commerce (San Jose),2026-02-27,85,Heritage Bank of Commerce (San Jose)2026-02-27
IA,CNH Industrial America LLC ,2026-02-27,N/A,CNH Industrial America LLC 2026-02-27
CA,Heritage Bank of Commerce (Mateo),2026-02-27,5,Heritage Bank of Commerce (Mateo)2026-02-27
IA,CNH Industrial America LLC ,2026-02-27,N/A,CNH Industrial America LLC 2026-02-27
CA,Heritage Bank of Commerce (Morgan Hill),2026-02-27,1,Heritage Bank of Commerce (Morgan Hill)2026-02-27
IA,CNH Industrial America LLC ,2026-02-27,N/A,CNH Industrial America LLC 2026-02-27
IA,CNH Industrial America LLC ,2026-02-27,N/A,CNH Industrial America LLC 2026-02-27
KS,"First Brands Group, LLC (Horizon Global)",2026-02-27,64,"First Brands Group, LLC (Horizon Global)2026-02-27"
IA,CNH Industrial America LLC ,2026-02-27,N/A,CNH Industrial America LLC 2026-02-27
CA,Heritage Bank of Commerce (Remote-San Jose),2026-02-27,12,Heritage Bank of Commerce (Remote-San Jose)2026-02-27
IN,"First Brands Group, LLC",2026-02-27,38,"First Brands Group, LLC2026-02-27"
IN,"First Brands Group, LLC",2026-02-27,345,"First Brands Group, LLC2026-02-27"
CA,"Supernal, LLC (15555 Laguna Canyon Road)",2026-02-27,176,"Supernal, LLC (15555 Laguna Canyon Road)2026-02-27"
IA,CNH Industrial America LLC ,2026-02-27,N/A,CNH Industrial America LLC 2026-02-27
CA,"Supernal, LLC. (117 Waterworks Way)",2026-02-27,58,"Supernal, LLC. (117 Waterworks Way)2026-02-27"
CA,Foods Co #371,2026-02-27,58,Foods Co #3712026-02-27
IA,CNH Industrial America LLC ,2026-02-27,N/A,CNH Industrial America LLC 2026-02-27
IA,CNH Industrial America LLC ,2026-02-27,N/A,CNH Industrial America LLC 2026-02-27
CA,Food 4 Less #364,2026-02-27,64,Food 4 Less #3642026-02-27
HI,Alaska Airlines (Hawaiian Airlines),2026-02-27,N/A,Alaska Airlines (Hawaiian Airlines)2026-02-27
IA,CNH Industrial America LLC ,2026-02-27,N/A,CNH Industrial America LLC 2026-02-27
IA,CNH Industrial America LLC ,2026-02-27,N/A,CNH Industrial America LLC 2026-02-27
IA,CNH Industrial America LLC ,2026-02-27,N/A,CNH Industrial America LLC 2026-02-27
IA,CNH Industrial America LLC ,2026-02-27,N/A,CNH Industrial America LLC 2026-02-27
IA,CNH Industrial America LLC ,2026-02-27,N/A,CNH Industrial America LLC 2026-02-27
AL,Saddle Creek Logistics Services,2026-02-27,151,Saddle Creek Logistics Services2026-02-27
CA,Heritage Bank of Commerce (Oakland),2026-02-27,1,Heritage Bank of Commerce (Oakland)2026-02-27
SC,Railcrew Xpress,2026-02-27,58,Railcrew Xpress2026-02-27
FL,"L3Harris 
2500 North Orange Blossom Trail

ORLANDO, FL, 34744",2026-02-27,63,"L3Harris 
2500 North Orange Blossom Trail

ORLANDO, FL, 347442026-02-27"
FL,"Professional Course Management II LTD 
10000 Biscayne Blvd

MIAMI SHORES, FL, 33138",2026-02-27,68,"Professional Course Management II LTD 
10000 Biscayne Blvd

MIAMI SHORES, FL, 331382026-02-27"
WA,"IPIC Theaters, LLC",2026-02-27,N/A,"IPIC Theaters, LLC2026-02-27"
CA,"CJ Logistics America, LLC",2026-02-27,71,"CJ Logistics America, LLC2026-02-27"
CA,Raytheon,2026-02-27,55,Raytheon2026-02-27
CA,Foods Co #784,2026-02-27,49,Foods Co #7842026-02-27
CA,"Supernal, LLC",2026-02-27,48,"Supernal, LLC2026-02-27"
CA,Heritage Bank of Commerce (Livermore),2026-02-27,1,Heritage Bank of Commerce (Livermore)2026-02-27
CA,FreshKO Produce Services LLC,2026-02-27,58,FreshKO Produce Services LLC2026-02-27
CA,Heritage Bank of Commerce (Danville),2026-02-27,4,Heritage Bank of Commerce (Danville)2026-02-27
CA,Heritage Bank of Commerce (Walnut Creek),2026-02-27,4,Heritage Bank of Commerce (Walnut Creek)2026-02-27
CA,Heritage Bank of Commerce (San Rafael),2026-02-27,3,Heritage Bank of Commerce (San Rafael)2026-02-27
CA,Heritage Bank of Commerce (Hollister),2026-02-27,1,Heritage Bank of Commerce (Hollister)2026-02-27
CA,Heritage Bank of Commerce (San Francisco),2026-02-27,3,Heritage Bank of Commerce (San Francisco)2026-02-27
PA,"GIANT Company, LLC",2026-02-27,76,"GIANT Company, LLC2026-02-27"
TN,Pace Industries,2026-02-26,N/A,Pace Industries2026-02-26
CA,Del Monte Foods Corporation II Inc.,2026-02-26,21,Del Monte Foods Corporation II Inc.2026-02-26
FL,"IPIC Theaters, LLC 
25 SE 4th Ave, Delray Beach

DELRAY BEACH, FL, 33483",2026-02-26,51,"IPIC Theaters, LLC 
25 SE 4th Ave, Delray Beach

DELRAY BEACH, FL, 334832026-02-26"
CA,Anaheim Transportation Network,2026-02-26,132,Anaheim Transportation Network2026-02-26
FL,"IPIC Theaters, LLC 
433 Plaza Real, Suite 355

BOCA RATON, FL, 33432",2026-02-26,98,"IPIC Theaters, LLC 
433 Plaza Real, Suite 355

BOCA RATON, FL, 334322026-02-26"
CA,Foreside Home Care & Nursing,2026-02-26,300,Foreside Home Care & Nursing2026-02-26
CO,Block,2026-02-26,61,Block2026-02-26
FL,"IPIC Theaters, LLC 
3701 NE 163rd Street

NORTH MIAMI BEACH, FL, 33160",2026-02-26,58,"IPIC Theaters, LLC 
3701 NE 163rd Street

NORTH MIAMI BEACH, FL, 331602026-02-26"
CO,Batelle,2026-02-26,11,Batelle2026-02-26
CA,David & Margaret,2026-02-26,83,David & Margaret2026-02-26
AZ,"Block, Inc.",2026-02-26,83,"Block, Inc.2026-02-26"
CA,Angel City Brewery,2026-02-25,66,Angel City Brewery2026-02-25
CA,eBay - San Francisco,2026-02-25,28,eBay - San Francisco2026-02-25
CA,eBay Inc.,2026-02-25,243,eBay Inc.2026-02-25
CA,"Monroe Operations, LLC dba Newport Healthcare",2026-02-24,30,"Monroe Operations, LLC dba Newport Healthcare2026-02-24"
CA,VCA Bay Area Veterinary Specialists & Emergency Hospital,2026-02-24,91,VCA Bay Area Veterinary Specialists & Emergency Hospital2026-02-24
CA,"Monroe Operations, LLC dba Newport Healthcare",2026-02-24,16,"Monroe Operations, LLC dba Newport Healthcare2026-02-24"
SD,Christ The King School,2026-02-24,31,Christ The King School2026-02-24
CA,Riot Games,2026-02-24,26,Riot Games2026-02-24
CA,Lumileds LLC,2026-02-24,24,Lumileds LLC2026-02-24
NY,"Ultrepet, LLC. d/b/a Evergreen Recycling, LLC.",2026-02-24,59,"Ultrepet, LLC. d/b/a Evergreen Recycling, LLC.2026-02-24"
VA,Speyside Bourbon Cooperage in Virginia Inc.,2026-02-23,52,Speyside Bourbon Cooperage in Virginia Inc.2026-02-23
CA,"Safari West, Inc.",2026-02-23,134,"Safari West, Inc.2026-02-23"
KS,"First Brands Group, LLC (Hopkins)",2026-02-23,130,"First Brands Group, LLC (Hopkins)2026-02-23"
KS,"First Brands Group, LLC (Hopkins)",2026-02-23,81,"First Brands Group, LLC (Hopkins)2026-02-23"
NY,Seaport Entertainment Management LLC,2026-02-23,93,Seaport Entertainment Management LLC2026-02-23
OK,Hopkins Mfg- Miami,2026-02-23,N/A,Hopkins Mfg- Miami2026-02-23
HI,"Honolulu Roofing Company, Inc.",2026-02-23,N/A,"Honolulu Roofing Company, Inc.2026-02-23"
FL,"Parsec, LLC 
6098 Soutel Drive

JACKSONVILLE, FL, 32219",2026-02-23,147,"Parsec, LLC 
6098 Soutel Drive

JACKSONVILLE, FL, 322192026-02-23"
CA,"C3.ai, Inc.",2026-02-23,71,"C3.ai, Inc.2026-02-23"
CA,Ferrara Candy Company (2500),2026-02-21,33,Ferrara Candy Company (2500)2026-02-21
CA,Ferrara Candy Company (One Jelly Belly),2026-02-21,2,Ferrara Candy Company (One Jelly Belly)2026-02-21
CA,Ferrara Candy Company (2400),2026-02-21,17,Ferrara Candy Company (2400)2026-02-21
CA,Ferrara Candy Company (2385),2026-02-21,16,Ferrara Candy Company (2385)2026-02-21
UT,Nordstrom Card Services,2026-02-21,15,Nordstrom Card Services2026-02-21
CA,Ferrara Candy Company (Courage Drive),2026-02-21,1,Ferrara Candy Company (Courage Drive)2026-02-21
NJ,Verizon,2026-02-20,1319,Verizon2026-02-20
CA,Raley's,2026-02-20,43,Raley's2026-02-20
CA,Wells Fargo,2026-02-20,21,Wells Fargo2026-02-20
CA,Tony's Fine Foods,2026-02-20,24,Tony's Fine Foods2026-02-20
CA,"Lucid Group, Inc.",2026-02-20,319,"Lucid Group, Inc.2026-02-20"
NJ,Wonder Group,2026-02-19,121,Wonder Group2026-02-19
AL,CVG – Commercial Vehicle Group Alabama,2026-02-19,76,CVG – Commercial Vehicle Group Alabama2026-02-19
AL,Louis Vuitton,2026-02-19,10,Louis Vuitton2026-02-19
CA,Wescom Financial,2026-02-19,1,Wescom Financial2026-02-19
WA,CHS Northwest,2026-02-19,N/A,CHS Northwest2026-02-19
TN,GXO,2026-02-19,N/A,GXO2026-02-19
CA,Wescom Financial,2026-02-19,15,Wescom Financial2026-02-19
CA,Wescom Financial,2026-02-19,1,Wescom Financial2026-02-19
CA,Wescom Financial,2026-02-19,1,Wescom Financial2026-02-19
CA,Wescom Financial,2026-02-19,2,Wescom Financial2026-02-19
CA,Wescom Financial,2026-02-19,1,Wescom Financial2026-02-19
CA,Wescom Financial,2026-02-19,40,Wescom Financial2026-02-19
CA,Wescom Financial,2026-02-19,1,Wescom Financial2026-02-19
CA,Wescom Financial,2026-02-19,1,Wescom Financial2026-02-19
CA,Wescom Financial,2026-02-19,1,Wescom Financial2026-02-19
TN,Liberty Dental Plan,2026-02-19,N/A,Liberty Dental Plan2026-02-19
CA,Wescom Financial,2026-02-19,1,Wescom Financial2026-02-19
CA,Wescom Financial,2026-02-19,1,Wescom Financial2026-02-19
CA,Wescom Financial,2026-02-19,1,Wescom Financial2026-02-19
CA,Wescom Financial,2026-02-19,1,Wescom Financial2026-02-19
CA,Wescom Financial,2026-02-19,1,Wescom Financial2026-02-19
CA,Wescom Financial,2026-02-19,1,Wescom Financial2026-02-19
CA,Wescom Financial,2026-02-19,1,Wescom Financial2026-02-19
CA,Wescom Financial,2026-02-19,1,Wescom Financial2026-02-19
FL,"UF Health Shands 
1600 SW Archer Rd

GAINESVILLE, FL, 32608",2026-02-18,139,"UF Health Shands 
1600 SW Archer Rd

GAINESVILLE, FL, 326082026-02-18"
CA,Corteva Agriscience LLC,2026-02-18,3,Corteva Agriscience LLC2026-02-18
FL,"UF Health Central Florida 
UF Health Spanish Plaines Hospital at 1451 EL CAMINO REAL

THE VILLAGES, FL, 32159",2026-02-18,102,"UF Health Central Florida 
UF Health Spanish Plaines Hospital at 1451 EL CAMINO REAL

THE VILLAGES, FL, 321592026-02-18"
FL,"UF Health Central Florida 
UF Health Leesburg Hospital at 600 E. Dixie Ave

LEESBURG, FL, 34748",2026-02-18,58,"UF Health Central Florida 
UF Health Leesburg Hospital at 600 E. Dixie Ave

LEESBURG, FL, 347482026-02-18"
NJ,Barclays Services Corporation,2026-02-18,80,Barclays Services Corporation2026-02-18
VA,JC Penney,2026-02-18,74,JC Penney2026-02-18
FL,"Clarifying LLC 
18167 US Hwy. 19 N., Suite 300

CLEAR WATER, FL, 33764",2026-02-18,103,"Clarifying LLC 
18167 US Hwy. 19 N., Suite 300

CLEAR WATER, FL, 337642026-02-18"
NY,"PT OPCO, LLC d/b/a Pink Taco",2026-02-18,36,"PT OPCO, LLC d/b/a Pink Taco2026-02-18"
FL,"HCL 
1200 Bartow Road, Building 302

LAKELAND, FL, 33801",2026-02-17,98,"HCL 
1200 Bartow Road, Building 302

LAKELAND, FL, 338012026-02-17"
CA,California Resources Corporation (Ming),2026-02-17,9,California Resources Corporation (Ming)2026-02-17
VA,Huntington Ingall Industries (HII) Mission Technologies,2026-02-17,74,Huntington Ingall Industries (HII) Mission Technologies2026-02-17
IA,Whirlpool Corporation,2026-02-17,N/A,Whirlpool Corporation2026-02-17
IA,Wells Fargo,2026-02-17,N/A,Wells Fargo2026-02-17
CA,California Resources Corporation - (River Run),2026-02-17,46,California Resources Corporation - (River Run)2026-02-17
VA,AOL,2026-02-17,108,AOL2026-02-17
WA,"Peshastin Pear Packers, LLC.",2026-02-16,N/A,"Peshastin Pear Packers, LLC.2026-02-16"
CA,"Red O La Jolla, LCC",2026-02-16,91,"Red O La Jolla, LCC2026-02-16"
UT,Sheraton,2026-02-15,100,Sheraton2026-02-15
CA,Outdoor Research,2026-02-13,50,Outdoor Research2026-02-13
CA,Topanga Social Manager. LLC - Topanga Social Food Hall,2026-02-13,131,Topanga Social Manager. LLC - Topanga Social Food Hall2026-02-13
CA,LPL Financial LLC,2026-02-13,72,LPL Financial LLC2026-02-13
FL,"Main Street Sports Group, LLC 
500 E. Broward Blvd

FORT LAUDERDALE, FL, 33394",2026-02-13,20,"Main Street Sports Group, LLC 
500 E. Broward Blvd

FORT LAUDERDALE, FL, 333942026-02-13"
FL,"Main Street Sports Group, LLC 
7622 Bald Cypress Place

TAMPA, FL, 33614",2026-02-13,4,"Main Street Sports Group, LLC 
7622 Bald Cypress Place

TAMPA, FL, 336142026-02-13"
CA,Commute is Great Logistics LLC,2026-02-13,132,Commute is Great Logistics LLC2026-02-13
NY,"Glossier, Inc.",2026-02-13,41,"Glossier, Inc.2026-02-13"
CA,De La Pena Eye Clinic - DLP Van Nuys,2026-02-13,19,De La Pena Eye Clinic - DLP Van Nuys2026-02-13
OR,Oregon - Remote Employees,2026-02-13,N/A,Oregon - Remote Employees2026-02-13
CA,"Main Street Sports Group, LLC",2026-02-13,97,"Main Street Sports Group, LLC2026-02-13"
PA,"GIANT Company, LLC",2026-02-13,128,"GIANT Company, LLC2026-02-13"
KS,Lowe's,2026-02-13,N/A,Lowe's2026-02-13
CA,Med-Laser Surgical Center LLC,2026-02-13,22,Med-Laser Surgical Center LLC2026-02-13
CA,De La Pena Eye Clinic - DLP Santa Ana,2026-02-13,6,De La Pena Eye Clinic - DLP Santa Ana2026-02-13
OR,Albany/Millersburg,2026-02-13,N/A,Albany/Millersburg2026-02-13
FL,"TTEC 
7195 34th Street South,

SAINT PETERSBURG, FL, 33711",2026-02-13,57,"TTEC 
7195 34th Street South,

SAINT PETERSBURG, FL, 337112026-02-13"
CA,De La Pena Eye Clinic - DLP Los Angeles,2026-02-13,12,De La Pena Eye Clinic - DLP Los Angeles2026-02-13
CA,De La Pena Eye Clinic - DLP Long Beach,2026-02-13,3,De La Pena Eye Clinic - DLP Long Beach2026-02-13
CA,De La Pena Eye Clinic - DLP Huntington Park,2026-02-13,15,De La Pena Eye Clinic - DLP Huntington Park2026-02-13
CA,De La Pena Eye Clinic - DLP El Monte,2026-02-13,5,De La Pena Eye Clinic - DLP El Monte2026-02-13
CA,De La Pena Eye Clinic - DLP Commerce,2026-02-13,38,De La Pena Eye Clinic - DLP Commerce2026-02-13
FL,"ILLUMUS 
320 Knox McRae Drive

TITUSVILLE, FL, 33811",2026-02-13,84,"ILLUMUS 
320 Knox McRae Drive

TITUSVILLE, FL, 338112026-02-13"
CA,De La Pena Eye Clinic - DLP Montebello,2026-02-13,38,De La Pena Eye Clinic - DLP Montebello2026-02-13
CA,E. J. Gallo Wineries - Orin Swift Tasting Room,2026-02-12,2,E. J. Gallo Wineries - Orin Swift Tasting Room2026-02-12
CA,E. J. Gallo Wineries - J Vineyards & Winery,2026-02-12,11,E. J. Gallo Wineries - J Vineyards & Winery2026-02-12
CA,E.J. Gallo Winery - Louis M. Martini Winery,2026-02-12,15,E.J. Gallo Winery - Louis M. Martini Winery2026-02-12
CA,E.J. Gallo Winery - The Ranch Winery,2026-02-12,56,E.J. Gallo Winery - The Ranch Winery2026-02-12
CA,"Harbinger Production, Inc.",2026-02-12,290,"Harbinger Production, Inc.2026-02-12"
CA,Jackson Family Wines (Carneros Hills Winery),2026-02-12,13,Jackson Family Wines (Carneros Hills Winery)2026-02-12
CA,Renova Energy Corporation,2026-02-12,49,Renova Energy Corporation2026-02-12
AL,Southern Parallel Forest Products Corp,2026-02-12,62,Southern Parallel Forest Products Corp2026-02-12
CA,E. J. Gallo Wineries - Frei Ranch,2026-02-12,9,E. J. Gallo Wineries - Frei Ranch2026-02-12
CA,"Molina Healthcare, Inc.",2026-02-11,156,"Molina Healthcare, Inc.2026-02-11"
WA,PeaceHealth,2026-02-11,N/A,PeaceHealth2026-02-11
CA,Yanfeng International Automotive Technology US I LLC,2026-02-11,43,Yanfeng International Automotive Technology US I LLC2026-02-11
AL,Birmingham Parking Authority,2026-02-10,33,Birmingham Parking Authority2026-02-10
CA,"Frito-Lay, Inc.",2026-02-10,248,"Frito-Lay, Inc.2026-02-10"
AL,Saks Fifth Avenue,2026-02-10,44,Saks Fifth Avenue2026-02-10
CA,Clari Inc.,2026-02-10,76,Clari Inc.2026-02-10
FL,"DHL Supply Chain 
5360 Allen K Breed Hwy

LAKELAND, FL, 33811",2026-02-10,203,"DHL Supply Chain 
5360 Allen K Breed Hwy

LAKELAND, FL, 338112026-02-10"
VA,Saks &amp; Company LLC (Saks Fifth Avenue Store),2026-02-10,40,Saks &amp; Company LLC (Saks Fifth Avenue Store)2026-02-10
WA,Congdon Packing Company,2026-02-09,N/A,Congdon Packing Company2026-02-09
CA,Riot Games,2026-02-09,56,Riot Games2026-02-09
ID,LA Semiconductor LLC,2026-02-09,342,LA Semiconductor LLC2026-02-09
WA,Eddie Bauer LLC,2026-02-09,N/A,Eddie Bauer LLC2026-02-09
NJ,Acme,2026-02-07,71,Acme2026-02-07
CA,Johns Manville,2026-02-06,90,Johns Manville2026-02-06
FL,"Ritz-Carlton, Bal Harbour 
10295 Collins Avenue

BAL HARBOUR, FL, 33154",2026-02-06,108,"Ritz-Carlton, Bal Harbour 
10295 Collins Avenue

BAL HARBOUR, FL, 331542026-02-06"
CA,Fender Musical Instruments Corporation,2026-02-06,60,Fender Musical Instruments Corporation2026-02-06
CA,Searles Valley Minerals,2026-02-06,270,Searles Valley Minerals2026-02-06
IA,"Cedar Valley Corp, LLC ",2026-02-06,N/A,"Cedar Valley Corp, LLC 2026-02-06"
VA,Liberty Dental Plan Corporation,2026-02-05,0,Liberty Dental Plan Corporation2026-02-05
PA,"Taste, Inc.",2026-02-05,10,"Taste, Inc.2026-02-05"
FL,"Liberty Dental Plan Corporation 
3109 W. Dr. Martin Luther King Jr. Blvd
Suite 100
TAMPA, FL, 33607",2026-02-05,102,"Liberty Dental Plan Corporation 
3109 W. Dr. Martin Luther King Jr. Blvd
Suite 100
TAMPA, FL, 336072026-02-05"
CA,"Liberty Dental Plan of California, Inc.",2026-02-05,22,"Liberty Dental Plan of California, Inc.2026-02-05"
CA,"Medtronic, Inc.",2026-02-05,81,"Medtronic, Inc.2026-02-05"
AL,Tiffin Motorhomes Incorporated,2026-02-05,139,Tiffin Motorhomes Incorporated2026-02-05
CA,RSVC Company (1825 Chicago Avenue),2026-02-04,114,RSVC Company (1825 Chicago Avenue)2026-02-04
CA,RSVC Company (3051 Myers Street),2026-02-04,13,RSVC Company (3051 Myers Street)2026-02-04
FL,"HGS USA 
651 W. Washington Boulevard Suite #206 Chicago, IL 60661

ORLANDO, FL, 32789",2026-02-04,1,"HGS USA 
651 W. Washington Boulevard Suite #206 Chicago, IL 60661

ORLANDO, FL, 327892026-02-04"
OR,Riddle Plywood facility ,2026-02-04,N/A,Riddle Plywood facility 2026-02-04
CA,Workday Inc.,2026-02-04,154,Workday Inc.2026-02-04
CA,HRL Laboratories,2026-02-03,35,HRL Laboratories2026-02-03
TN,Premiere Building Maintenance Corporation,2026-02-03,N/A,Premiere Building Maintenance Corporation2026-02-03
CA,HRL Laboratories,2026-02-03,258,HRL Laboratories2026-02-03
CA,HRL Laboratories (Remote),2026-02-03,8,HRL Laboratories (Remote)2026-02-03
CA,HRL Laboratories,2026-02-03,21,HRL Laboratories2026-02-03
CA,HRL Laboratories,2026-02-03,50,HRL Laboratories2026-02-03
WA,"GMRI, Inc. dba Bahama Breeze",2026-02-03,N/A,"GMRI, Inc. dba Bahama Breeze2026-02-03"
CA,"First Brands Group, LLC",2026-02-03,98,"First Brands Group, LLC2026-02-03"
CA,"Small Precision Tools California, Inc.",2026-02-03,30,"Small Precision Tools California, Inc.2026-02-03"
CA,"Constellation Brands, Inc.",2026-02-03,212,"Constellation Brands, Inc.2026-02-03"
CA,HRL Laboratories,2026-02-03,4,HRL Laboratories2026-02-03
VA,Bahama Breeze,2026-02-03,62,Bahama Breeze2026-02-03
FL,"Innodata Services, LLC 
1615 South Congress Avenue, Suite 103, Delray Beach Florida

GREENACRES, FL, 33413",2026-02-03,1,"Innodata Services, LLC 
1615 South Congress Avenue, Suite 103, Delray Beach Florida

GREENACRES, FL, 334132026-02-03"
FL,"Innodata Services, LLC 
1615 South Congress Avenue, Suite 103, Delray Beach Florida

KISSIMMEE, FL, 34742",2026-02-03,3,"Innodata Services, LLC 
1615 South Congress Avenue, Suite 103, Delray Beach Florida

KISSIMMEE, FL, 347422026-02-03"
FL,"Innodata Services, LLC 
1615 South Congress Avenue, Suite 103, Delray Beach Florida

VENICE, FL, 34284",2026-02-03,1,"Innodata Services, LLC 
1615 South Congress Avenue, Suite 103, Delray Beach Florida

VENICE, FL, 342842026-02-03"
FL,"Innodata Services, LLC 
1615 South Congress Avenue, Suite 103, Delray Beach Florida

WINTER HAVEN, FL, 33881",2026-02-03,1,"Innodata Services, LLC 
1615 South Congress Avenue, Suite 103, Delray Beach Florida

WINTER HAVEN, FL, 338812026-02-03"
FL,"Innodata Services, LLC 
1615 South Congress Avenue, Suite 103, Delray Beach Florida

SAINT PETERSBURG, FL, 33701",2026-02-03,1,"Innodata Services, LLC 
1615 South Congress Avenue, Suite 103, Delray Beach Florida

SAINT PETERSBURG, FL, 337012026-02-03"
FL,"Innodata Services, LLC 
1615 South Congress Avenue, Suite 103, Delray Beach Florida

POMPANO BEACH, FL, 33069",2026-02-03,1,"Innodata Services, LLC 
1615 South Congress Avenue, Suite 103, Delray Beach Florida

POMPANO BEACH, FL, 330692026-02-03"
FL,"Innodata Services, LLC 
1615 South Congress Avenue, Suite 103, Delray Beach Florida

SUNRISE, FL, 33313",2026-02-03,1,"Innodata Services, LLC 
1615 South Congress Avenue, Suite 103, Delray Beach Florida

SUNRISE, FL, 333132026-02-03"
FL,"Innodata Services, LLC 
1615 South Congress Avenue, Suite 103, Delray Beach Florida

TAMPA, FL, 33601",2026-02-03,2,"Innodata Services, LLC 
1615 South Congress Avenue, Suite 103, Delray Beach Florida

TAMPA, FL, 336012026-02-03"
FL,"Innodata Services, LLC 
1615 South Congress Avenue, Suite 103, Delray Beach Florida

PINELLAS PARK, FL, 33702",2026-02-03,1,"Innodata Services, LLC 
1615 South Congress Avenue, Suite 103, Delray Beach Florida

PINELLAS PARK, FL, 337022026-02-03"
FL,"Innodata Services, LLC 
1615 South Congress Avenue, Suite 103, Delray Beach Florida

MIDDLEBURG, FL, 32050",2026-02-03,1,"Innodata Services, LLC 
1615 South Congress Avenue, Suite 103, Delray Beach Florida

MIDDLEBURG, FL, 320502026-02-03"
FL,"Innodata Services, LLC 
1615 South Congress Avenue, Suite 103, Delray Beach Florida

LUTZ, FL, 33647",2026-02-03,1,"Innodata Services, LLC 
1615 South Congress Avenue, Suite 103, Delray Beach Florida

LUTZ, FL, 336472026-02-03"
FL,"Innodata Services, LLC 
1615 South Congress Avenue, Suite 103, Delray Beach Florida

OVIEDO, FL, 32762",2026-02-03,1,"Innodata Services, LLC 
1615 South Congress Avenue, Suite 103, Delray Beach Florida

OVIEDO, FL, 327622026-02-03"
FL,"Bahama Breeze 
12395 SW 88th Street

MIAMI, FL, 33186",2026-02-03,77,"Bahama Breeze 
12395 SW 88th Street

MIAMI, FL, 331862026-02-03"
FL,"Innodata Services, LLC 
1615 South Congress Avenue, Suite 103, Delray Beach Florida

HIALEAH, FL, 33002",2026-02-03,1,"Innodata Services, LLC 
1615 South Congress Avenue, Suite 103, Delray Beach Florida

HIALEAH, FL, 330022026-02-03"
FL,"Bahama Breeze 
1251 W Osceola Parkway

KISSIMMEE, FL, 34741",2026-02-03,75,"Bahama Breeze 
1251 W Osceola Parkway

KISSIMMEE, FL, 347412026-02-03"
FL,"Bahama Breeze 
11000 Pines Blvd

PEMBROKE PINES, FL, 33028",2026-02-03,75,"Bahama Breeze 
11000 Pines Blvd

PEMBROKE PINES, FL, 330282026-02-03"
FL,"Innodata Services, LLC 
1615 South Congress Avenue, Suite 103, Delray Beach Florida

DORAL, FL, 33178",2026-02-03,1,"Innodata Services, LLC 
1615 South Congress Avenue, Suite 103, Delray Beach Florida

DORAL, FL, 331782026-02-03"
IA,Wells Fargo,2026-02-03,N/A,Wells Fargo2026-02-03
FL,"Innodata Services, LLC 
1615 South Congress Avenue, Suite 103, Delray Beach Florida

ORLANDO, FL, 32804",2026-02-03,3,"Innodata Services, LLC 
1615 South Congress Avenue, Suite 103, Delray Beach Florida

ORLANDO, FL, 328042026-02-03"
FL,"Innodata Services, LLC 
1615 South Congress Avenue, Suite 103, Delray Beach Florida

MIAMI, FL, 33101",2026-02-03,4,"Innodata Services, LLC 
1615 South Congress Avenue, Suite 103, Delray Beach Florida

MIAMI, FL, 331012026-02-03"
FL,"Innodata Services, LLC 
1615 South Congress Avenue, Suite 103, Delray Beach Florida

SAINT JOHNS, FL, 32259",2026-02-03,1,"Innodata Services, LLC 
1615 South Congress Avenue, Suite 103, Delray Beach Florida

SAINT JOHNS, FL, 322592026-02-03"
FL,"Innodata Services, LLC 
1615 South Congress Avenue, Suite 103, Delray Beach Florida

CLEAR WATER, FL, 33765",2026-02-03,1,"Innodata Services, LLC 
1615 South Congress Avenue, Suite 103, Delray Beach Florida

CLEAR WATER, FL, 337652026-02-03"
FL,"Innodata Services, LLC 
1615 South Congress Avenue, Suite 103, Delray Beach Florida

SUNNY ISLES BEACH, FL, 33160",2026-02-03,1,"Innodata Services, LLC 
1615 South Congress Avenue, Suite 103, Delray Beach Florida

SUNNY ISLES BEACH, FL, 331602026-02-03"
FL,"Bahama Breeze 
10205 River Coast Drive

JACKSONVILLE, FL, 32246",2026-02-03,75,"Bahama Breeze 
10205 River Coast Drive

JACKSONVILLE, FL, 322462026-02-03"
FL,"Innodata Services, LLC 
1615 South Congress Avenue, Suite 103, Delray Beach Florida

SAINT CLOUD, FL, 34744",2026-02-03,2,"Innodata Services, LLC 
1615 South Congress Avenue, Suite 103, Delray Beach Florida

SAINT CLOUD, FL, 347442026-02-03"
FL,"Innodata Services, LLC 
1615 South Congress Avenue, Suite 103, Delray Beach Florida

PENSACOLA, FL, 32501",2026-02-03,1,"Innodata Services, LLC 
1615 South Congress Avenue, Suite 103, Delray Beach Florida

PENSACOLA, FL, 325012026-02-03"
FL,"Bahama Breeze 
1540 Rinehart Road

SANFORD, FL, 32771",2026-02-03,75,"Bahama Breeze 
1540 Rinehart Road

SANFORD, FL, 327712026-02-03"
NJ,Optum Select Management,2026-02-02,11,Optum Select Management2026-02-02
CA,"IPIC Theaters, LLC - Pasadena",2026-02-02,91,"IPIC Theaters, LLC - Pasadena2026-02-02"
CA,Phillips 66,2026-02-02,82,Phillips 662026-02-02
CA,Regal Rexnord,2026-02-02,3,Regal Rexnord2026-02-02
CA,"IPIC Theaters, LLC - Westwood",2026-02-02,103,"IPIC Theaters, LLC - Westwood2026-02-02"
CA,"American Eagle Outfitters, Inc.",2026-02-02,108,"American Eagle Outfitters, Inc.2026-02-02"
CA,Phillips 66,2026-02-02,40,Phillips 662026-02-02
CA,"Meta Platforms, Inc. - 190 Jefferson",2026-02-02,1,"Meta Platforms, Inc. - 190 Jefferson2026-02-02"
IN,"Grouper Acquisition Company, LLC, dba Shiloh Industries, Inc",2026-02-02,172,"Grouper Acquisition Company, LLC, dba Shiloh Industries, Inc2026-02-02"
WA,T-Mobile,2026-02-02,N/A,T-Mobile2026-02-02
CA,"Meta Platforms, Inc. - 220 Jefferson",2026-02-02,2,"Meta Platforms, Inc. - 220 Jefferson2026-02-02"
CA,"Meta Platforms, Inc.",2026-02-02,52,"Meta Platforms, Inc.2026-02-02"
CA,"Meta Platforms, Inc. - 1 Hacker",2026-02-02,6,"Meta Platforms, Inc. - 1 Hacker2026-02-02"
CA,"Meta Platforms, Inc. - 305 Constitution",2026-02-02,39,"Meta Platforms, Inc. - 305 Constitution2026-02-02"
CA,"Meta Platforms, Inc. - 180 Jefferson",2026-02-02,2,"Meta Platforms, Inc. - 180 Jefferson2026-02-02"
PA,"Great Dane, LLC",2026-02-02,164,"Great Dane, LLC2026-02-02"
PA,Crothall and Morrison Healthcare,2026-02-01,795,Crothall and Morrison Healthcare2026-02-01
PA,"AVI Foodsystems, Inc.",2026-02-01,297,"AVI Foodsystems, Inc.2026-02-01"
CA,Legacy Supply Chain,2026-01-31,4,Legacy Supply Chain2026-01-31
CA,Legacy Supply Chain,2026-01-31,92,Legacy Supply Chain2026-01-31
NY,Federal Express Corporation (Capital Region),2026-01-31,43,Federal Express Corporation (Capital Region)2026-01-31
CA,Legacy Supply Chain,2026-01-31,14,Legacy Supply Chain2026-01-31
CA,Legacy Supply Chain,2026-01-31,11,Legacy Supply Chain2026-01-31
MO,Unknown,2026-01-31,151,Unknown2026-01-31
SC,Sodexo (HCA Grand Strand Medical),2026-01-31,85,Sodexo (HCA Grand Strand Medical)2026-01-31
CA,Legacy Supply Chain,2026-01-31,8,Legacy Supply Chain2026-01-31
CA,"Intrepid Studios, Inc.",2026-01-31,123,"Intrepid Studios, Inc.2026-01-31"
CA,Del Monte Foods Corporation II Inc - Modesto,2026-01-30,765,Del Monte Foods Corporation II Inc - Modesto2026-01-30
OK,Bright Horizons,2026-01-30,N/A,Bright Horizons2026-01-30
CA,Del Monte Foods Corporation II Inc. - Hughson,2026-01-30,11,Del Monte Foods Corporation II Inc. - Hughson2026-01-30
WA,International Paper Company,2026-01-30,N/A,International Paper Company2026-01-30
CA,"Mercury Systems, Inc.",2026-01-30,18,"Mercury Systems, Inc.2026-01-30"
VT,Maple Ridge Memory Care and Lodge,2026-01-30,126,Maple Ridge Memory Care and Lodge2026-01-30
MO,Unknown,2026-01-30,93,Unknown2026-01-30
SC,Santee Print Works,2026-01-30,140,Santee Print Works2026-01-30
WA,Amazon,2026-01-30,N/A,Amazon2026-01-30
CA,City National Bank,2026-01-30,9,City National Bank2026-01-30
TN,DLH Solutions,2026-01-30,N/A,DLH Solutions2026-01-30
TN,Danfoss Power Solutions,2026-01-30,N/A,Danfoss Power Solutions2026-01-30
CA,V2X - NASA Armstrong Flight Research Center MS 1714,2026-01-30,62,V2X - NASA Armstrong Flight Research Center MS 17142026-01-30
CA,"MINACT, Inc.",2026-01-30,118,"MINACT, Inc.2026-01-30"
IN,National Distribution Centers,2026-01-30,53,National Distribution Centers2026-01-30
CA,Medical Device Components LLC dba Lighteum Medical,2026-01-30,83,Medical Device Components LLC dba Lighteum Medical2026-01-30
MO,Unknown,2026-01-30,213,Unknown2026-01-30
KS,"Vornado Air, LLC.",2026-01-30,72,"Vornado Air, LLC.2026-01-30"
SC,"SC Industrial Holdings, LLC",2026-01-30,78,"SC Industrial Holdings, LLC2026-01-30"
AZ,Shell Recharge Solutions,2026-01-29,N/A,Shell Recharge Solutions2026-01-29
OR,Kroger-00417,2026-01-29,N/A,Kroger-004172026-01-29
CA,"Chan Zuckerberg Biohub, Inc.",2026-01-29,1,"Chan Zuckerberg Biohub, Inc.2026-01-29"
OR,Kroger-00125-Prime,2026-01-29,N/A,Kroger-00125-Prime2026-01-29
OR,Kroger-00128-Prime,2026-01-29,N/A,Kroger-00128-Prime2026-01-29
OR,Kroger-00135,2026-01-29,N/A,Kroger-001352026-01-29
OR,Kroger-00150-Prime,2026-01-29,N/A,Kroger-00150-Prime2026-01-29
OR,Kroger-00153,2026-01-29,N/A,Kroger-001532026-01-29
OR,Kroger-00240,2026-01-29,N/A,Kroger-002402026-01-29
OR,Kroger-00255,2026-01-29,N/A,Kroger-002552026-01-29
OR,Kroger-00360-Prime,2026-01-29,N/A,Kroger-00360-Prime2026-01-29
OR,Kroger-00600-Prime,2026-01-29,N/A,Kroger-00600-Prime2026-01-29
OR,Kroger-00516,2026-01-29,N/A,Kroger-005162026-01-29
OR,Kroger-00660,2026-01-29,N/A,Kroger-006602026-01-29
OR,"Lincare-Brookings, OR",2026-01-29,N/A,"Lincare-Brookings, OR2026-01-29"
OR,"Three Pirates, LLC dba Point Blank Dist",2026-01-29,N/A,"Three Pirates, LLC dba Point Blank Dist2026-01-29"
OR,Eugene Location,2026-01-29,N/A,Eugene Location2026-01-29
OR,Bend Location,2026-01-29,N/A,Bend Location2026-01-29
CA,"Chan Zuckerberg Initiative, LLC",2026-01-29,38,"Chan Zuckerberg Initiative, LLC2026-01-29"
OR,Kroger-00127-Prime,2026-01-29,N/A,Kroger-00127-Prime2026-01-29
OR,Kroger-00090,2026-01-29,N/A,Kroger-000902026-01-29
CA,Amazon,2026-01-29,72,Amazon2026-01-29
OR,Kroger-00075-Prime,2026-01-29,N/A,Kroger-00075-Prime2026-01-29
CA,Amazon (SJC44),2026-01-29,49,Amazon (SJC44)2026-01-29
CA,Amazon,2026-01-29,3,Amazon2026-01-29
CA,Amazon,2026-01-29,11,Amazon2026-01-29
CA,Amazon (SJC38),2026-01-29,141,Amazon (SJC38)2026-01-29
CA,Amazon (SJC25),2026-01-29,43,Amazon (SJC25)2026-01-29
CA,"Chan Zuckerberg Initiative, LLC - Remote",2026-01-29,32,"Chan Zuckerberg Initiative, LLC - Remote2026-01-29"
CA,Amazon,2026-01-29,58,Amazon2026-01-29
CA,Amazon,2026-01-29,87,Amazon2026-01-29
CA,Amazon,2026-01-29,81,Amazon2026-01-29
CA,Amazon,2026-01-29,89,Amazon2026-01-29
CA,Amazon - SNA12,2026-01-29,5,Amazon - SNA122026-01-29
CA,Amazon - SNA 16,2026-01-29,24,Amazon - SNA 162026-01-29
CA,Amazon - SNA 17,2026-01-29,1,Amazon - SNA 172026-01-29
CA,Amazon - SNA 20,2026-01-29,25,Amazon - SNA 202026-01-29
CA,Amazon - SNA 3,2026-01-29,34,Amazon - SNA 32026-01-29
CA,Amazon (LAX78),2026-01-29,45,Amazon (LAX78)2026-01-29
CA,Amazon - SAN 13,2026-01-29,38,Amazon - SAN 132026-01-29
CA,Amazon - SAN 15,2026-01-29,1,Amazon - SAN 152026-01-29
CA,Amazon - SAN 3,2026-01-29,1,Amazon - SAN 32026-01-29
CA,Amazon (LAX16),2026-01-29,46,Amazon (LAX16)2026-01-29
OR,Kroger-00035,2026-01-29,N/A,Kroger-000352026-01-29
CA,Shell Recharge Solutions,2026-01-29,29,Shell Recharge Solutions2026-01-29
OR,Kroger-00040,2026-01-29,N/A,Kroger-000402026-01-29
CA,Amazon - SFO 28,2026-01-29,84,Amazon - SFO 282026-01-29
CA,Amazon - SFO 13,2026-01-29,19,Amazon - SFO 132026-01-29
CA,Amazon,2026-01-29,32,Amazon2026-01-29
OR,Kroger-00063,2026-01-29,N/A,Kroger-000632026-01-29
CA,Amazon (LAX10),2026-01-29,2,Amazon (LAX10)2026-01-29
CA,Amazon - SAN 21,2026-01-29,2,Amazon - SAN 212026-01-29
CA,Amazon - SAN 18,2026-01-29,13,Amazon - SAN 182026-01-29
CA,Amazon - SAN 17,2026-01-29,19,Amazon - SAN 172026-01-29
CA,Amazon - MAM9,2026-01-28,179,Amazon - MAM92026-01-28
CA,Amazon - MAC2,2026-01-28,175,Amazon - MAC22026-01-28
CA,Amazon - MAH8,2026-01-28,172,Amazon - MAH82026-01-28
CA,Amazon - MAI8,2026-01-28,182,Amazon - MAI82026-01-28
CA,Amazon - MAJ8,2026-01-28,160,Amazon - MAJ82026-01-28
CA,Amazon - MAB9,2026-01-28,191,Amazon - MAB92026-01-28
CA,Amazon - MAB8,2026-01-28,191,Amazon - MAB82026-01-28
CA,Amazon - MAK9,2026-01-28,134,Amazon - MAK92026-01-28
VA,Amazon,2026-01-28,691,Amazon2026-01-28
VA,PMI-U.S. Corporate Services (Phillip Morris),2026-01-28,135,PMI-U.S. Corporate Services (Phillip Morris)2026-01-28
CA,Amazon - MAG1,2026-01-28,185,Amazon - MAG12026-01-28
CA,Amazon - MAF8,2026-01-28,196,Amazon - MAF82026-01-28
CA,Amazon - MAQ8,2026-01-28,163,Amazon - MAQ82026-01-28
CA,Amazon - MAF9,2026-01-28,155,Amazon - MAF92026-01-28
CA,First Foundation Inc.,2026-01-28,98,First Foundation Inc.2026-01-28
CA,Amazon - MAF3,2026-01-28,201,Amazon - MAF32026-01-28
CA,Amazon - MAC9,2026-01-28,168,Amazon - MAC92026-01-28
CA,Amazon - MAF5,2026-01-28,190,Amazon - MAF52026-01-28
CA,Amazon - MAQ9,2026-01-28,174,Amazon - MAQ92026-01-28
CA,Amazon - MAB4,2026-01-28,131,Amazon - MAB42026-01-28
CA,Amazon - MAB1,2026-01-28,215,Amazon - MAB12026-01-28
CA,Amazon - MAO6,2026-01-28,189,Amazon - MAO62026-01-28
CA,Amazon - MAM7,2026-01-28,139,Amazon - MAM72026-01-28
CA,Amazon - MAB5,2026-01-28,184,Amazon - MAB52026-01-28
CA,Amazon - MBA6,2026-01-28,181,Amazon - MBA62026-01-28
ID,"Hearthside Food Solutions, LLC dba Maker's Pride",2026-01-28,51,"Hearthside Food Solutions, LLC dba Maker's Pride2026-01-28"
WA,CHS Northwest,2026-01-28,N/A,CHS Northwest2026-01-28
WA,Amazon,2026-01-28,N/A,Amazon2026-01-28
WA,"Expedia, Inc.",2026-01-28,N/A,"Expedia, Inc.2026-01-28"
CA,"Catholic Charities, Diocese of San Diego - Pastoral Center",2026-01-27,6,"Catholic Charities, Diocese of San Diego - Pastoral Center2026-01-27"
CA,"Schultz Industrial Services, Inc.",2026-01-27,66,"Schultz Industrial Services, Inc.2026-01-27"
FL,"Naples Grande Beach Resort 
475 Seagate Drive

NAPLES, FL, 34103",2026-01-27,235,"Naples Grande Beach Resort 
475 Seagate Drive

NAPLES, FL, 341032026-01-27"
AZ,Benchmark,2026-01-27,N/A,Benchmark2026-01-27
CA,Pinterest Inc. (San Francisco),2026-01-27,98,Pinterest Inc. (San Francisco)2026-01-27
CA,Pinterest Inc. (CA Remote),2026-01-27,4,Pinterest Inc. (CA Remote)2026-01-27
CA,Pinterest Inc. (Palo Alto),2026-01-27,16,Pinterest Inc. (Palo Alto)2026-01-27
CA,"Catholic Charities, Diocese of San Diego - Mission Valley ASIP",2026-01-27,45,"Catholic Charities, Diocese of San Diego - Mission Valley ASIP2026-01-27"
CA,"Catholic Charities, Diocese of San Diego - MG Suite A",2026-01-27,7,"Catholic Charities, Diocese of San Diego - MG Suite A2026-01-27"
CA,"Catholic Charities, Diocese of San Diego - San Diego Migrant Shelter",2026-01-27,7,"Catholic Charities, Diocese of San Diego - San Diego Migrant Shelter2026-01-27"
CA,"Catholic Charities, Diocese of San Diego - MG Suite B",2026-01-27,11,"Catholic Charities, Diocese of San Diego - MG Suite B2026-01-27"
CA,Thermo Fisher Scientific,2026-01-27,173,Thermo Fisher Scientific2026-01-27
VA,Bear Express LLC,2026-01-27,168,Bear Express LLC2026-01-27
IA,American Contract Systems ,2026-01-27,N/A,American Contract Systems 2026-01-27
ME,Gathr Outdoors dba Pride Manufacturing Co LLC,2026-01-27,6,Gathr Outdoors dba Pride Manufacturing Co LLC2026-01-27
TN,"NIKE Retail Services, Inc.",2026-01-27,N/A,"NIKE Retail Services, Inc.2026-01-27"
CA,JBT Marel Corporation,2026-01-27,59,JBT Marel Corporation2026-01-27
CA,"Western Digital Technologies, Inc.",2026-01-27,47,"Western Digital Technologies, Inc.2026-01-27"
OK,TTEC,2026-01-26,N/A,TTEC2026-01-26
CA,Google (MPD237),2026-01-26,19,Google (MPD237)2026-01-26
CA,Google (BRGAS1265),2026-01-26,1,Google (BRGAS1265)2026-01-26
CA,Google (MP3),2026-01-26,27,Google (MP3)2026-01-26
IA,MercyOne North Iowa Medical Center ,2026-01-26,N/A,MercyOne North Iowa Medical Center 2026-01-26
CA,Google (MP2),2026-01-26,3,Google (MP2)2026-01-26
CA,Google (MP1),2026-01-26,2,Google (MP1)2026-01-26
CA,Google (HMBLT3),2026-01-26,1,Google (HMBLT3)2026-01-26
CA,BEN Group. Inc (BENlabs),2026-01-26,75,BEN Group. Inc (BENlabs)2026-01-26
IA,MercyOne Des Moines Medical Center,2026-01-26,N/A,MercyOne Des Moines Medical Center2026-01-26
CA,Google (MP4),2026-01-26,24,Google (MP4)2026-01-26
CA,Phillips 66,2026-01-26,44,Phillips 662026-01-26
HI,UPDATE – DFS Group L.P.,2026-01-26,N/A,UPDATE – DFS Group L.P.2026-01-26
NJ,Audible,2026-01-26,67,Audible2026-01-26
NJ,TTEC Government Solutions,2026-01-26,120,TTEC Government Solutions2026-01-26
NJ,Amazon,2026-01-26,72,Amazon2026-01-26
TN,"Music City Delivery, LLC",2026-01-26,N/A,"Music City Delivery, LLC2026-01-26"
TN,"Smoky Mountain Logistics, LLC",2026-01-26,N/A,"Smoky Mountain Logistics, LLC2026-01-26"
CA,Phillips 66 - Wilmington,2026-01-26,111,Phillips 66 - Wilmington2026-01-26
CA,"Innovation Bakers, LLC",2026-01-26,117,"Innovation Bakers, LLC2026-01-26"
NJ,Starbucks Coffee Company,2026-01-25,47,Starbucks Coffee Company2026-01-25
FL,"ECS Federal, LLC 
12211 Science Drive

ORLANDO, FL, 32826",2026-01-23,117,"ECS Federal, LLC 
12211 Science Drive

ORLANDO, FL, 328262026-01-23"
CA,"Super A Foods, Inc.",2026-01-23,20,"Super A Foods, Inc.2026-01-23"
CA,Autodesk,2026-01-23,104,Autodesk2026-01-23
IA,MercyOne,2026-01-23,N/A,MercyOne2026-01-23
FL,"Aimbridge 
340 Biscayne Boulevard

MIAMI, FL, 33132",2026-01-23,66,"Aimbridge 
340 Biscayne Boulevard

MIAMI, FL, 331322026-01-23"
FL,"Saks & Company LLC 
2784 Executive Way

MIRAMAR, FL, 33025",2026-01-23,74,"Saks & Company LLC 
2784 Executive Way

MIRAMAR, FL, 330252026-01-23"
FL,"Paradies Lagardere FL EE Dining, LLC 
9702 Jeff fuqua blvd

ORLANDO, FL, 32827",2026-01-23,87,"Paradies Lagardere FL EE Dining, LLC 
9702 Jeff fuqua blvd

ORLANDO, FL, 328272026-01-23"
VT,Calmont Beverage,2026-01-22,67,Calmont Beverage2026-01-22
CA,Corteva Agriscience,2026-01-22,1,Corteva Agriscience2026-01-22
HI,Wolfgang’s Steakhouse,2026-01-21,N/A,Wolfgang’s Steakhouse2026-01-21
CA,"Gilead Sciences, Inc.",2026-01-21,34,"Gilead Sciences, Inc.2026-01-21"
CA,"Pioneer Custom Electrical Products, LLC",2026-01-21,47,"Pioneer Custom Electrical Products, LLC2026-01-21"
VA,Leidos,2026-01-21,93,Leidos2026-01-21
NE,Tyson Extension - Lexington,2026-01-21,294,Tyson Extension - Lexington2026-01-21
IA,CNH Industrial America LLC ,2026-01-20,N/A,CNH Industrial America LLC 2026-01-20
IA,Wells Fargo,2026-01-20,N/A,Wells Fargo2026-01-20
CA,"Resonetics, LLC",2026-01-20,61,"Resonetics, LLC2026-01-20"
IA,CNH Industrial America LLC ,2026-01-20,N/A,CNH Industrial America LLC 2026-01-20
IN,"Inari Agriculture, Inc.",2026-01-20,64,"Inari Agriculture, Inc.2026-01-20"
IA,CNH Industrial America LLC ,2026-01-20,N/A,CNH Industrial America LLC 2026-01-20
IA,CNH Industrial America LLC ,2026-01-20,N/A,CNH Industrial America LLC 2026-01-20
SC,"Best Dressed Chicken, Inc.",2026-01-20,4,"Best Dressed Chicken, Inc.2026-01-20"
IA,CNH Industrial America LLC ,2026-01-20,N/A,CNH Industrial America LLC 2026-01-20
IA,CNH Industrial America LLC ,2026-01-20,N/A,CNH Industrial America LLC 2026-01-20
PA,"Keen Transport, Inc.",2026-01-20,52,"Keen Transport, Inc.2026-01-20"
IA,CNH Industrial America LLC ,2026-01-20,N/A,CNH Industrial America LLC 2026-01-20
IA,CNH Industrial America LLC ,2026-01-20,N/A,CNH Industrial America LLC 2026-01-20
IA,CNH Industrial America LLC ,2026-01-20,N/A,CNH Industrial America LLC 2026-01-20
CA,Western Digital Technologies,2026-01-20,87,Western Digital Technologies2026-01-20
IA,CNH Industrial America LLC ,2026-01-20,N/A,CNH Industrial America LLC 2026-01-20
WA,"Meta Platforms, Inc",2026-01-19,N/A,"Meta Platforms, Inc2026-01-19"
FL,"TelaForce, LLC 
73 Eglin Parkway, Suite 303

FORT WALTON BEACH, FL, 32548",2026-01-19,59,"TelaForce, LLC 
73 Eglin Parkway, Suite 303

FORT WALTON BEACH, FL, 325482026-01-19"
CA,The Vons Companies Inc.,2026-01-16,70,The Vons Companies Inc.2026-01-16
CA,Best Buy,2026-01-16,46,Best Buy2026-01-16
CA,Best Buy,2026-01-16,60,Best Buy2026-01-16
VA,Yokohama Tire Manufacturing Virginia LLC,2026-01-16,533,Yokohama Tire Manufacturing Virginia LLC2026-01-16
CA,GCOM Software LLC dba Voyatek,2026-01-16,8,GCOM Software LLC dba Voyatek2026-01-16
CA,"Meta Platforms, Inc.",2026-01-16,53,"Meta Platforms, Inc.2026-01-16"
CA,"Meta Platforms, Inc.",2026-01-16,219,"Meta Platforms, Inc.2026-01-16"
CA,"Primo Brands, Inc.",2026-01-16,19,"Primo Brands, Inc.2026-01-16"
CA,Albertsons Companies LLC,2026-01-16,75,Albertsons Companies LLC2026-01-16
FL,"Host International, Inc. 
1 Jeff Fuqua Blvd

ORLANDO, FL, 32827",2026-01-16,92,"Host International, Inc. 
1 Jeff Fuqua Blvd

ORLANDO, FL, 328272026-01-16"
CA,"Lakeshore Learning Materials, LLC",2026-01-16,163,"Lakeshore Learning Materials, LLC2026-01-16"
WA,Food Service Slicing LLC dba Crunch Pak,2026-01-15,N/A,Food Service Slicing LLC dba Crunch Pak2026-01-15
CA,"Nationstar Mortgage, LLC d/b/a Mr. Cooper",2026-01-15,8,"Nationstar Mortgage, LLC d/b/a Mr. Cooper2026-01-15"
CA,James Hardie Fontana Manufacturing,2026-01-15,94,James Hardie Fontana Manufacturing2026-01-15
CA,DHL Supply Chain,2026-01-15,74,DHL Supply Chain2026-01-15
CO,EPTAM West LLC dba Precision Metals,2026-01-15,134,EPTAM West LLC dba Precision Metals2026-01-15
CO,Battelle,2026-01-15,1,Battelle2026-01-15
CA,UKG Inc.,2026-01-15,209,UKG Inc.2026-01-15
OK,Macy's Distribution,2026-01-15,N/A,Macy's Distribution2026-01-15
CA,"Illumina, Inc. Worldwide Headquarters",2026-01-14,4,"Illumina, Inc. Worldwide Headquarters2026-01-14"
CA,"Illumina, Inc Worldwide Headquarters",2026-01-14,1,"Illumina, Inc Worldwide Headquarters2026-01-14"
CA,RR Donnelley,2026-01-14,70,RR Donnelley2026-01-14
CA,Amy's Drive-Thru,2026-01-14,55,Amy's Drive-Thru2026-01-14
RI,EaglePicher,2026-01-13,38,EaglePicher2026-01-13
TN,Linamar Shelbyville,2026-01-13,N/A,Linamar Shelbyville2026-01-13
UT,Sumaria Systems Inc.,2026-01-13,59,Sumaria Systems Inc.2026-01-13
IN,Margaret Mary Community Hospital (dba Margaret Mary Health),2026-01-13,55,Margaret Mary Community Hospital (dba Margaret Mary Health)2026-01-13
NJ,Jefferson Health,2026-01-13,108,Jefferson Health2026-01-13
CA,Valero Refining Company,2026-01-13,237,Valero Refining Company2026-01-13
AL,Salon Centric  Inc,2026-01-13,79,Salon Centric  Inc2026-01-13
ME,SMBC-Sumitomo Mitsui Banking Corporation,2026-01-13,1,SMBC-Sumitomo Mitsui Banking Corporation2026-01-13
ME,Pride Manufacturing -gathr Outdoors,2026-01-13,115,Pride Manufacturing -gathr Outdoors2026-01-13
CA,Informatica LLC,2026-01-12,35,Informatica LLC2026-01-12
CA,"Nestle USA, Inc. Mira Loma Distribution Center",2026-01-12,88,"Nestle USA, Inc. Mira Loma Distribution Center2026-01-12"
HI,"WARN Rescinded – May 1, 2026",2026-01-12,N/A,"WARN Rescinded – May 1, 20262026-01-12"
CA,Hupp Draft Services,2026-01-11,75,Hupp Draft Services2026-01-11
CA,Local Initiative Health Authority for Los Angeles County dba L.A. Care Health Plan,2026-01-09,225,Local Initiative Health Authority for Los Angeles County dba L.A. Care Health Plan2026-01-09
CA,Macy's,2026-01-09,77,Macy's2026-01-09
CA,Cucina Enoteca Del Mar,2026-01-09,43,Cucina Enoteca Del Mar2026-01-09
FL,"SMBC MANUBANK 
Fort Myers
515 South Figueroa Street Los Angeles, CA 90071
FORT MYERS, FL, 33901",2026-01-08,1,"SMBC MANUBANK 
Fort Myers
515 South Figueroa Street Los Angeles, CA 90071
FORT MYERS, FL, 339012026-01-08"
FL,"SMBC MANUBANK 
Ponte Vedra
515 South Figueroa Street Los Angeles, CA 90071
PONTE VEDRA BEACH, FL, 32082",2026-01-08,1,"SMBC MANUBANK 
Ponte Vedra
515 South Figueroa Street Los Angeles, CA 90071
PONTE VEDRA BEACH, FL, 320822026-01-08"
FL,"SMBC MANUBANK 
Bradenton
515 South Figueroa Street Los Angeles, CA 90071
BRADENTON, FL, 34207",2026-01-08,1,"SMBC MANUBANK 
Bradenton
515 South Figueroa Street Los Angeles, CA 90071
BRADENTON, FL, 342072026-01-08"
FL,"SMBC MANUBANK 
Orlando
515 South Figueroa Street Los Angeles, CA 9007
ORLANDO, FL, 32789",2026-01-08,1,"SMBC MANUBANK 
Orlando
515 South Figueroa Street Los Angeles, CA 9007
ORLANDO, FL, 327892026-01-08"
FL,"SMBC MANUBANK 
Land O Lakes
515 South Figueroa Street Los Angeles, CA 90071
LAND O LAKES, FL, 33599",2026-01-08,1,"SMBC MANUBANK 
Land O Lakes
515 South Figueroa Street Los Angeles, CA 90071
LAND O LAKES, FL, 335992026-01-08"
FL,"SMBC MANUBANK 
Jacksonville
515 South Figueroa Street Los Angeles, CA 90071
JACKSONVILLE, FL, 32099",2026-01-08,4,"SMBC MANUBANK 
Jacksonville
515 South Figueroa Street Los Angeles, CA 90071
JACKSONVILLE, FL, 320992026-01-08"
FL,"SMBC MANUBANK 
Marco Island
515 South Figueroa Street Los Angeles, CA 90071
MARCO ISLAND, FL, 34145",2026-01-08,1,"SMBC MANUBANK 
Marco Island
515 South Figueroa Street Los Angeles, CA 90071
MARCO ISLAND, FL, 341452026-01-08"
OR,Oregon - Remote Employees,2026-01-08,N/A,Oregon - Remote Employees2026-01-08
FL,"SMBC MANUBANK 
Miami
515 South Figueroa Street Los Angeles, CA 90071
MIAMI, FL, 33101",2026-01-08,1,"SMBC MANUBANK 
Miami
515 South Figueroa Street Los Angeles, CA 90071
MIAMI, FL, 331012026-01-08"
FL,"SMBC MANUBANK 
Bonita Springs
515 South Figueroa Street Los Angeles, CA 90071
BONITA SPRINGS, FL, 33931",2026-01-08,1,"SMBC MANUBANK 
Bonita Springs
515 South Figueroa Street Los Angeles, CA 90071
BONITA SPRINGS, FL, 339312026-01-08"
FL,"SMBC MANUBANK 
Indialantic
515 South Figueroa Street Los Angeles, CA 90071
INDIALANTIC, FL, 32903",2026-01-08,1,"SMBC MANUBANK 
Indialantic
515 South Figueroa Street Los Angeles, CA 90071
INDIALANTIC, FL, 329032026-01-08"
UT,SMBC Manubank,2026-01-08,1,SMBC Manubank2026-01-08
WA,SMBC Manubank,2026-01-08,N/A,SMBC Manubank2026-01-08
CA,Sealed Air Corporation,2026-01-08,51,Sealed Air Corporation2026-01-08
HI,DFS Group L.P.,2026-01-08,N/A,DFS Group L.P.2026-01-08
VA,SMBC Manubank,2026-01-08,6,SMBC Manubank2026-01-08
AZ,SMBC Group - JeniusBank,2026-01-08,33,SMBC Group - JeniusBank2026-01-08
FL,"SMBC MANUBANK 
Valrico
515 South Figueroa Street Los Angeles, CA 90071
VALRICO, FL, 33527",2026-01-08,1,"SMBC MANUBANK 
Valrico
515 South Figueroa Street Los Angeles, CA 90071
VALRICO, FL, 335272026-01-08"
CA,Pomona Hospital Medical Center (300),2026-01-07,4,Pomona Hospital Medical Center (300)2026-01-07
AZ,GNC Distribution Center,2026-01-07,66,GNC Distribution Center2026-01-07
CA,Pomona Hospital Medical Center (1798),2026-01-07,108,Pomona Hospital Medical Center (1798)2026-01-07
AZ,Avelo Airlines,2026-01-07,N/A,Avelo Airlines2026-01-07
CA,Pomona Hospital Medical Center (1601),2026-01-07,1,Pomona Hospital Medical Center (1601)2026-01-07
CA,"FormFactor, Inc.",2026-01-06,107,"FormFactor, Inc.2026-01-06"
CO,Tessera Therapeutics,2026-01-06,1,Tessera Therapeutics2026-01-06
CO,Alan Ritchey,2026-01-06,729,Alan Ritchey2026-01-06
CA,"Med-Pharmex, Inc.",2026-01-06,130,"Med-Pharmex, Inc.2026-01-06"
WA,Tessera,2026-01-06,N/A,Tessera2026-01-06
CA,"FormFactor, Inc.",2026-01-06,113,"FormFactor, Inc.2026-01-06"
CA,Alameda Health System - Wilma Chan Highland Hospital,2026-01-06,128,Alameda Health System - Wilma Chan Highland Hospital2026-01-06
CA,Alameda Health System - San Leandro Hospital,2026-01-06,22,Alameda Health System - San Leandro Hospital2026-01-06
CA,Alameda Health System - John George Hospital,2026-01-06,16,Alameda Health System - John George Hospital2026-01-06
CA,Alameda Health System - Alameda Hospital,2026-01-06,9,Alameda Health System - Alameda Hospital2026-01-06
CA,Alameda Health System - System Support Center,2026-01-06,18,Alameda Health System - System Support Center2026-01-06
CA,Alameda Health System - Fairmont Rehabilitation and Wellness,2026-01-06,44,Alameda Health System - Fairmont Rehabilitation and Wellness2026-01-06
CA,Alameda Health System - Park Bridge,2026-01-06,3,Alameda Health System - Park Bridge2026-01-06
WA,Swedish Health Services,2026-01-06,N/A,Swedish Health Services2026-01-06
CA,McGee Air Services,2026-01-05,32,McGee Air Services2026-01-05
IN,Wabash,2026-01-05,144,Wabash2026-01-05
CA,"Copan Diagnostics, Inc.",2026-01-05,79,"Copan Diagnostics, Inc.2026-01-05"
CA,Wabash National LP,2026-01-05,94,Wabash National LP2026-01-05
CA,Wabash National LP,2026-01-05,6,Wabash National LP2026-01-05
FL,"Chemours 
Trail Ridge South Mine 5222 Treat Road,

STARKE, FL, 32063",2026-01-05,44,"Chemours 
Trail Ridge South Mine 5222 Treat Road,

STARKE, FL, 320632026-01-05"
FL,"Chemours 
Starke Site 5222 Treat Road

STARKE, FL, 32091",2026-01-05,12,"Chemours 
Starke Site 5222 Treat Road

STARKE, FL, 320912026-01-05"
FL,"Chemours 
7775 South CR 228

MACCLENNY, FL, 32063",2026-01-05,19,"Chemours 
7775 South CR 228

MACCLENNY, FL, 320632026-01-05"
CA,"Advanced Uniform Dust Control & Linen, LLC",2026-01-05,89,"Advanced Uniform Dust Control & Linen, LLC2026-01-05"
CA,"Advanced Uniform Dust Control & Linen, LLC",2026-01-05,4,"Advanced Uniform Dust Control & Linen, LLC2026-01-05"
CO,TIAA,2026-01-02,101,TIAA2026-01-02
NJ,Harrison Sportservice Inc.,2026-01-01,467,Harrison Sportservice Inc.2026-01-01
PA,Pottstown Hospital,2026-01-01,131,Pottstown Hospital2026-01-01
